{
"type": "FeatureCollection",
"name": "territoriosEstudio",
"crs": { "type": "name", "properties": { "name": "urn:ogc:def:crs:OGC:1.3:CRS84" } },
"features": [
{ "type": "Feature", "properties": { "fid": 3, "Descripcion": "Referencia de la area propuesta para titulación", "Comunidad": "Atacapi", "categoria": "Tierra Comunitaría", "status": "Sin reconocimiento", "etnias": "Kichwa", "area_sig_h": 2850.13, "fuente": "Area referencial levantada durante reuniones con dirigentes comunitarios", "fecha_atua": "mar/2025" }, "geometry": { "type": "MultiPolygon", "coordinates": [ [ [ [ -77.895616276332532, -0.962707885792206 ], [ -77.895859334078111, -0.964996079355154 ], [ -77.915656302354122, -0.959860464153846 ], [ -77.921537410084639, -0.955553173985008 ], [ -77.953310749119751, -0.946053270117485 ], [ -77.969634071833823, -0.94288605824759 ], [ -77.984251972771801, -0.939962478059996 ], [ -77.994971766792986, -0.935577107778603 ], [ -78.012041211534068, -0.928009298647173 ], [ -78.016913845180071, -0.924842086777279 ], [ -78.011675764010619, -0.921187611542785 ], [ -78.010213973916834, -0.918020399672891 ], [ -78.007290393729235, -0.918020399672891 ], [ -78.004488629382791, -0.91302595018575 ], [ -78.001443233354038, -0.911929607615401 ], [ -78.001205158160303, -0.91066836317241 ], [ -77.945989102760279, -0.930295269053909 ], [ -77.934888814938589, -0.934434359428098 ], [ -77.925669931832445, -0.935186921314314 ], [ -77.920436410159354, -0.9399535631181 ], [ -77.912862307782845, -0.941701432897294 ], [ -77.906162140295933, -0.942575367786892 ], [ -77.903394679812209, -0.94301233523169 ], [ -77.895092298361035, -0.945051516640751 ], [ -77.891584742446071, -0.946656067795433 ], [ -77.895186017569713, -0.953139310512887 ], [ -77.888179990150434, -0.955035059108693 ], [ -77.888097566298441, -0.956353840740557 ], [ -77.889089181457081, -0.958006532671609 ], [ -77.893716718864027, -0.958116712133679 ], [ -77.894708334022653, -0.958557429981959 ], [ -77.895634623446711, -0.96010790807065 ], [ -77.895616276332532, -0.962707885792206 ] ] ] ] } },
{ "type": "Feature", "properties": { "fid": 4, "Descripcion": "Referencia de la area propuesta para titulación", "Comunidad": "Santa Clara", "categoria": "Tierra Comunitaría", "status": "Sin reconocimiento; conflicto con la Univesidad San Francisco y SNAP sobre àrea que se quiere titular", "etnias": "Kichwa", "area_sig_h": 23530.43, "fuente": "Area referencial levantada durante reuniones con dirigentes comunitarios", "fecha_atua": "mar/2025" }, "geometry": { "type": "MultiPolygon", "coordinates": [ [ [ [ -78.146293870601028, -1.396194359159733 ], [ -78.147592027345993, -1.398200601401946 ], [ -78.147946070094619, -1.400560886392785 ], [ -78.149126212590033, -1.404809399376296 ], [ -78.148536141342319, -1.407759755614845 ], [ -78.146057842101939, -1.409765997857058 ], [ -78.143461528612022, -1.412126282847898 ], [ -78.143933585610185, -1.414250539339653 ], [ -78.146529899100102, -1.416138767332324 ], [ -78.148772169841408, -1.418499052323164 ], [ -78.150306355085448, -1.423573665053468 ], [ -78.150896426333162, -1.427468135288352 ], [ -78.150542383584565, -1.427866433380556 ], [ -78.150203092617119, -1.427910688724135 ], [ -78.150026071242806, -1.427571397756701 ], [ -78.149863801649687, -1.42686331225945 ], [ -78.149495007119867, -1.425786432232379 ], [ -78.14908195724648, -1.425196360984669 ], [ -78.148668907373079, -1.424739055767694 ], [ -78.148418127092796, -1.424429268362647 ], [ -78.148093587906558, -1.42385394889613 ], [ -78.147680538033171, -1.423662175740624 ], [ -78.147606779127202, -1.422777068869059 ], [ -78.147960821875827, -1.422201749402542 ], [ -78.148123091468946, -1.421670685279603 ], [ -78.148049332562962, -1.421346146093363 ], [ -78.147754296939112, -1.421110117594279 ], [ -78.14748876487765, -1.42084458553281 ], [ -78.147636282689575, -1.420697067720883 ], [ -78.147798552282694, -1.420461039221798 ], [ -78.147916566532231, -1.420225010722715 ], [ -78.147901814751037, -1.420018485786016 ], [ -78.147739545157918, -1.419900471536474 ], [ -78.147296991722143, -1.41982671263051 ], [ -78.147016707879473, -1.419738201943354 ], [ -78.146942948973518, -1.419472669881884 ], [ -78.147031459660667, -1.419162882476837 ], [ -78.147149473910204, -1.418867846852982 ], [ -78.147149473910204, -1.418572811229127 ], [ -78.147031459660667, -1.418248272042887 ], [ -78.146854438286354, -1.418026995324996 ], [ -78.146603658006072, -1.417820470388297 ], [ -78.146441388412953, -1.417643449013984 ], [ -78.146338125944609, -1.41799749176261 ], [ -78.145954579633596, -1.418410541636007 ], [ -78.145748054696895, -1.418646570135091 ], [ -78.145423515510657, -1.418705577259862 ], [ -78.145172735230389, -1.418646570135091 ], [ -78.144980962074882, -1.418823591509404 ], [ -78.145010465637256, -1.419074371789681 ], [ -78.145098976324419, -1.419266144945186 ], [ -78.145187487011569, -1.419634939475005 ], [ -78.144995713856076, -1.420018485786016 ], [ -78.14465642288863, -1.420608557033726 ], [ -78.144612167545063, -1.420918344438774 ], [ -78.144479401514317, -1.421375649655749 ], [ -78.144302380140005, -1.421685437060796 ], [ -78.144125358765692, -1.421685437060796 ], [ -78.143889330266617, -1.421346146093363 ], [ -78.143476280393216, -1.420402032097028 ], [ -78.143107485863396, -1.419915223317667 ], [ -78.142856705583128, -1.419693946599776 ], [ -78.14254691817807, -1.419649691256198 ], [ -78.142428903928533, -1.41982671263051 ], [ -78.14225188255422, -1.420328273191064 ], [ -78.142089612961101, -1.420770826626846 ], [ -78.141838832680818, -1.421242883625014 ], [ -78.141440534588611, -1.421950969122266 ], [ -78.141337272120268, -1.422452529682819 ], [ -78.141248761433118, -1.42293933846218 ], [ -78.141101243621179, -1.423204870523649 ], [ -78.140894718684493, -1.422924586680987 ], [ -78.140673441966598, -1.422231252964928 ], [ -78.140673441966598, -1.421508415686483 ], [ -78.140599683060628, -1.420623308814919 ], [ -78.140496420592285, -1.420298769628678 ], [ -78.140157129624853, -1.420062741129594 ], [ -78.139714576189064, -1.420077492910787 ], [ -78.139390037002826, -1.420121748254365 ], [ -78.139198263847319, -1.420239762503907 ], [ -78.139021242473007, -1.420195507160329 ], [ -78.138873724661082, -1.4202545142851 ], [ -78.138696703286769, -1.420490542784184 ], [ -78.138549185474844, -1.420756074845653 ], [ -78.138298405194561, -1.420859337314003 ], [ -78.137959114227129, -1.420992103344737 ], [ -78.137634575040892, -1.420962599782352 ], [ -78.137531312572534, -1.420756074845653 ], [ -78.137649326822086, -1.420431535659413 ], [ -78.137619823259698, -1.420210258941522 ], [ -78.137472305447773, -1.420033237567209 ], [ -78.13759031969731, -1.419797209068125 ], [ -78.137723085728041, -1.419457918100692 ], [ -78.137664078603279, -1.418853095071789 ], [ -78.137546064353728, -1.418572811229127 ], [ -78.137354291198221, -1.418086002449767 ], [ -78.137280532292266, -1.417717207919948 ], [ -78.137339539417042, -1.417230399140587 ], [ -78.137398546541803, -1.416891108173154 ], [ -78.137708333946847, -1.41649281008095 ], [ -78.137988617789517, -1.416242029800673 ], [ -78.13729528407346, -1.416463306518565 ], [ -78.136778971731715, -1.416905859954347 ], [ -78.136336418295926, -1.417422172296093 ], [ -78.135746347048212, -1.418292527386465 ], [ -78.135318545393631, -1.418690825478669 ], [ -78.134155557779422, -1.419048496344967 ], [ -78.131960261021675, -1.418950199475217 ], [ -78.130485807975418, -1.418294887010216 ], [ -78.12894582368267, -1.418196590140466 ], [ -78.127602433129411, -1.417999996400965 ], [ -78.126717761301663, -1.417705105791715 ], [ -78.125734792604163, -1.417410215182465 ], [ -78.126029683213417, -1.416656605847713 ], [ -78.125603730111166, -1.416460012108213 ], [ -78.12557096448792, -1.415444277787461 ], [ -78.125734792604163, -1.41419918410396 ], [ -78.126259042576166, -1.412593668564707 ], [ -78.126488401938914, -1.412134949839206 ], [ -78.127831792492174, -1.410070715574453 ], [ -78.128356042464176, -1.409284340616452 ], [ -78.129142417422173, -1.40784265319345 ], [ -78.12960113614767, -1.407580528207449 ], [ -78.121147605349151, -1.402075903501441 ], [ -78.119771449172646, -1.402075903501441 ], [ -78.117871043024138, -1.401813778515441 ], [ -78.116363824354636, -1.402141434747941 ], [ -78.114594480699139, -1.402862278459442 ], [ -78.11230088707164, -1.403910778403444 ], [ -78.110793668402138, -1.403976309649944 ], [ -78.109417512225633, -1.404303965882445 ], [ -78.108434543528134, -1.405549059565947 ], [ -78.107386043584128, -1.406728622002948 ], [ -78.106075418654129, -1.40771159070045 ], [ -78.105092449956629, -1.40777712194695 ], [ -78.104240543752127, -1.406335434523948 ], [ -78.103781825026616, -1.404303965882445 ], [ -78.10443713749163, -1.403058872198943 ], [ -78.104961387463618, -1.402272497240941 ], [ -78.103912887519627, -1.402338028487442 ], [ -78.092444919382103, -1.396178091316432 ], [ -78.074685951580577, -1.383268435755912 ], [ -78.061186514801548, -1.370424311441892 ], [ -78.057647827490541, -1.367934124074889 ], [ -78.055944015081536, -1.366623499144887 ], [ -78.054109140179534, -1.354434687295868 ], [ -78.051881077798541, -1.343556500376851 ], [ -78.050767046608016, -1.344473937827853 ], [ -78.04834239048752, -1.34290118791185 ], [ -78.048407921734011, -1.341066313009847 ], [ -78.047228359297009, -1.338838250628844 ], [ -78.047818140515517, -1.338641656889344 ], [ -78.048997702952519, -1.338903781875344 ], [ -78.048932171706014, -1.338182938163843 ], [ -78.048538984227008, -1.337199969466342 ], [ -78.048801109213017, -1.336741250740841 ], [ -78.049390890431511, -1.33628253201534 ], [ -78.048997702952519, -1.335758282043339 ], [ -78.04768707802252, -1.335692750796839 ], [ -78.047293890543514, -1.335168500824838 ], [ -78.045917734367009, -1.335692750796839 ], [ -78.044410515697507, -1.335627219550339 ], [ -78.043755203232507, -1.334840844592338 ], [ -78.042903297028005, -1.334447657113337 ], [ -78.042182453316499, -1.334447657113337 ], [ -78.041330547111997, -1.334906375838838 ], [ -78.040544172154, -1.335496157057339 ], [ -78.0395612034565, -1.335299563317839 ], [ -78.038447172266004, -1.334906375838838 ], [ -78.037464203568504, -1.334316594620337 ], [ -78.037529734814996, -1.333595750908836 ], [ -78.037791859801004, -1.333268094676336 ], [ -78.038512703512495, -1.333399157169336 ], [ -78.038840359744995, -1.333530219662336 ], [ -78.040019922181997, -1.333661282155336 ], [ -78.040675234646997, -1.333530219662336 ], [ -78.040740765893503, -1.333399157169336 ], [ -78.040675234646997, -1.332874907197335 ], [ -78.040347578414497, -1.332219594732334 ], [ -78.040609703400506, -1.331433219774333 ], [ -78.041068422126003, -1.330908969802332 ], [ -78.041461609605008, -1.330712376062832 ], [ -78.041920328330505, -1.330253657337331 ], [ -78.042379047056002, -1.329336219886329 ], [ -78.043427547, -1.329270688639829 ], [ -78.044017328218501, -1.32953281362583 ], [ -78.04427945320451, -1.328680907421328 ], [ -78.044541578190504, -1.327960063709827 ], [ -78.045393484395007, -1.327173688751826 ], [ -78.046114328106512, -1.326846032519326 ], [ -78.046441984339012, -1.326583907533325 ], [ -78.046769640571512, -1.325863063821824 ], [ -78.047097296804012, -1.325666470082324 ], [ -78.048080265501511, -1.325469876342823 ], [ -78.048735577966511, -1.325273282603323 ], [ -78.049521952924522, -1.325273282603323 ], [ -78.050373859129024, -1.325404345096323 ], [ -78.050832577854521, -1.325797532575324 ], [ -78.051684484059024, -1.325863063821824 ], [ -78.052012140291524, -1.326059657561324 ], [ -78.052667452756523, -1.325863063821824 ], [ -78.051291296580018, -1.324355845152322 ], [ -78.051750015305515, -1.323831595180321 ], [ -78.052929577742518, -1.323700532687321 ], [ -78.05378148394702, -1.32337287645482 ], [ -78.053322765221523, -1.322586501496819 ], [ -78.05312617148202, -1.322258845264318 ], [ -78.051553421566013, -1.321800126538818 ], [ -78.049980671650019, -1.320948220334317 ], [ -78.050177265389522, -1.319441001664814 ], [ -78.049980671650019, -1.318392501720813 ], [ -78.050439390375516, -1.318261439227812 ], [ -78.050701515361524, -1.317671658009312 ], [ -78.050177265389522, -1.317344001776811 ], [ -78.049915140403513, -1.31688528305131 ], [ -78.049194296692022, -1.317344001776811 ], [ -78.048276859241014, -1.317999314241812 ], [ -78.047228359297009, -1.318589095460313 ], [ -78.046114328106512, -1.318589095460313 ], [ -78.045000296916015, -1.317999314241812 ], [ -78.044344984451001, -1.317278470530311 ], [ -78.044344984451001, -1.31649209557231 ], [ -78.044672640683515, -1.315902314353809 ], [ -78.045131359409012, -1.315640189367808 ], [ -78.045786671874012, -1.315378064381808 ], [ -78.046469541408442, -1.314236933694584 ], [ -78.045748518843354, -1.31380432015553 ], [ -78.044018064687137, -1.312650684051388 ], [ -78.0421434060179, -1.311497047947246 ], [ -78.041854996991873, -1.309766593791032 ], [ -78.043297042122049, -1.308901366712925 ], [ -78.044018064687137, -1.308036139634819 ], [ -78.044306473713178, -1.307459321582748 ], [ -78.043152837609028, -1.307170912556712 ], [ -78.039836133809615, -1.306594094504641 ], [ -78.036952043549263, -1.307026708043694 ], [ -78.035509998419087, -1.306449889991623 ], [ -78.035365793906067, -1.303998413270321 ], [ -78.034788975853999, -1.301835345575054 ], [ -78.034788975853999, -1.301114323009965 ], [ -78.034788975853999, -1.300393300444876 ], [ -78.035942611958134, -1.299816482392805 ], [ -78.037961475140392, -1.299095459827716 ], [ -78.040701360887724, -1.298374437262627 ], [ -78.043008633096008, -1.297797619210556 ], [ -78.045315905304292, -1.29750921018452 ], [ -78.046902154947489, -1.296355574080378 ], [ -78.048776813616726, -1.296355574080378 ], [ -78.049353631668794, -1.297220801158485 ], [ -78.051660903877078, -1.298662846288663 ], [ -78.053679767059336, -1.29880705080168 ], [ -78.053968176085363, -1.296788187619432 ], [ -78.055266016702518, -1.296067165054343 ], [ -78.056852266345714, -1.2949135289502 ], [ -78.056563857319688, -1.293038870280969 ], [ -78.057140675371755, -1.29231784771588 ], [ -78.058005902449864, -1.291164211611738 ], [ -78.055698630241579, -1.291452620637773 ], [ -78.054400789624424, -1.291452620637773 ], [ -78.053679767059336, -1.292894665767951 ], [ -78.053247153520275, -1.293327279307005 ], [ -78.052814539981227, -1.291885234176827 ], [ -78.053247153520275, -1.290731598072685 ], [ -78.053535562546315, -1.290010575507596 ], [ -78.053679767059336, -1.288568530377418 ], [ -78.053247153520275, -1.28712648524724 ], [ -78.053102949007254, -1.286261258169133 ], [ -78.053102949007254, -1.285251826578009 ], [ -78.051084085825011, -1.284819213038955 ], [ -78.049930449720861, -1.283809781447831 ], [ -78.051372494851051, -1.282656145343689 ], [ -78.051516699364058, -1.281790918265582 ], [ -78.048921018129747, -1.280925691187475 ], [ -78.048488404590699, -1.278762623492208 ], [ -78.046757950434483, -1.275590124205817 ], [ -78.045748518843368, -1.27212921589339 ], [ -78.045171700791286, -1.270110352711141 ], [ -78.043873860174131, -1.267658875989839 ], [ -78.04372965566111, -1.265784217320608 ], [ -78.044306473713178, -1.264774785729483 ], [ -78.042576019556975, -1.262755922547234 ], [ -78.04372965566111, -1.259439218747825 ], [ -78.041422383452826, -1.256843537513505 ], [ -78.041710792478867, -1.254968878844274 ], [ -78.042143406017914, -1.254680469818238 ], [ -78.04358545114809, -1.254824674331256 ], [ -78.046469541408456, -1.257564560078594 ], [ -78.050074654233896, -1.25785296910463 ], [ -78.051011983568515, -1.258429787156701 ], [ -78.051120136953273, -1.258790298439245 ], [ -78.052417977570428, -1.259258963106553 ], [ -78.053679767059336, -1.257276151052559 ], [ -78.051264341466293, -1.257276151052559 ], [ -78.050903830183742, -1.256266719461434 ], [ -78.049389682797056, -1.255617799152855 ], [ -78.047082410588771, -1.252733708892499 ], [ -78.046217183510663, -1.25006592540167 ], [ -78.044558831610971, -1.248479675758475 ], [ -78.045640365458596, -1.248840187041019 ], [ -78.046866103819255, -1.248191266732439 ], [ -78.04801973992339, -1.248047062219421 ], [ -78.048596557975458, -1.248479675758475 ], [ -78.049173376027539, -1.249921720888653 ], [ -78.050831727927232, -1.250210129914688 ], [ -78.052345875313918, -1.249849618632144 ], [ -78.054076329470135, -1.247974959962912 ], [ -78.055590476856821, -1.247830755449895 ], [ -78.057320931013038, -1.247253937397824 ], [ -78.058186158091146, -1.246605017089244 ], [ -78.058762976143214, -1.24552348324161 ], [ -78.058835078399724, -1.245379278728592 ], [ -78.06013291901688, -1.245883994524155 ], [ -78.061070248351498, -1.245811892267646 ], [ -78.061286555121029, -1.245451380985101 ], [ -78.061214452864519, -1.244441949393977 ], [ -78.062656497994695, -1.243793029085397 ], [ -78.063593827329314, -1.243504620059361 ], [ -78.06525217922902, -1.24162996139013 ], [ -78.064891667946469, -1.241053143338059 ], [ -78.063233316046762, -1.24162996139013 ], [ -78.060998146094988, -1.241846268159656 ], [ -78.060565532555941, -1.241846268159656 ], [ -78.059772407734343, -1.241918370416166 ], [ -78.059051385169255, -1.242711495237763 ], [ -78.058402464860677, -1.242350983955219 ], [ -78.057609340039079, -1.241774165903148 ], [ -78.056816215217481, -1.241702063646639 ], [ -78.05645570393493, -1.241846268159656 ], [ -78.05674411296097, -1.242855699750781 ], [ -78.056023090395882, -1.24357672231587 ], [ -78.054941556548243, -1.243937233598414 ], [ -78.054004227213625, -1.24422564262445 ], [ -78.053715818187598, -1.243793029085397 ], [ -78.052922693366, -1.243648824572379 ], [ -78.052345875313918, -1.243793029085397 ], [ -78.052057466287891, -1.24422564262445 ], [ -78.051048034696763, -1.24552348324161 ], [ -78.050110705362144, -1.245162971959066 ], [ -78.049533887310076, -1.244514051650486 ], [ -78.049389682797056, -1.244009335854923 ], [ -78.048740762488478, -1.243793029085397 ], [ -78.04794763766688, -1.243216211033326 ], [ -78.047587126384343, -1.243144108776817 ], [ -78.046721899306235, -1.243432517802852 ], [ -78.046433490280194, -1.242495188468237 ], [ -78.045784569971616, -1.241485756877112 ], [ -78.045207751919548, -1.240476325285988 ], [ -78.045496160945575, -1.23968320046439 ], [ -78.04448672935446, -1.239611098207881 ], [ -78.044919342893508, -1.238745871129774 ], [ -78.04427042258493, -1.237952746308177 ], [ -78.044775138380487, -1.23708751923007 ], [ -78.042900479711264, -1.236799110204034 ], [ -78.041242127811557, -1.234419735739241 ], [ -78.041242127811557, -1.233770815430661 ], [ -78.040376900733449, -1.233698713174152 ], [ -78.03936746914232, -1.233770815430661 ], [ -78.0392232646293, -1.231968259017938 ], [ -78.037997526268654, -1.231896156761429 ], [ -78.037132299190546, -1.231679849991903 ], [ -78.036771787908009, -1.230814622913796 ], [ -78.036843890164519, -1.229444680040127 ], [ -78.036915992421015, -1.228723657475038 ], [ -78.037348605960076, -1.228435248449003 ], [ -78.038646446577232, -1.228507350705512 ], [ -78.039944287194388, -1.22857945296202 ], [ -78.041097923298537, -1.228867861988056 ], [ -78.041602639094094, -1.228939964244565 ], [ -78.040232696220443, -1.227786328140422 ], [ -78.039223264629314, -1.226055873984209 ], [ -78.037925424012158, -1.224613828854031 ], [ -78.039223264629314, -1.223748601775924 ], [ -78.040665309759504, -1.223171783723853 ], [ -78.039944287194402, -1.222450761158764 ], [ -78.038646446577246, -1.221873943106693 ], [ -78.036194969855941, -1.2227391701848 ], [ -78.035329742777833, -1.222594965671782 ], [ -78.035762356316894, -1.220720307002551 ], [ -78.035041333751806, -1.219422466385391 ], [ -78.035473947290853, -1.218989852846338 ], [ -78.035329742777833, -1.217836216742195 ], [ -78.035762356316894, -1.217259398690124 ], [ -78.034897129238786, -1.216682580638053 ], [ -78.034387907052192, -1.216245460707967 ], [ -78.035072878489032, -1.215740744912405 ], [ -78.035757849925858, -1.215236029116843 ], [ -78.036046258951899, -1.214659211064772 ], [ -78.03510892961728, -1.214442904295245 ], [ -78.034387907052192, -1.214046341884446 ], [ -78.034243702539172, -1.212676399010777 ], [ -78.03442395818044, -1.211775120804416 ], [ -78.034784469462991, -1.210765689213291 ], [ -78.0356496965411, -1.209648104237404 ], [ -78.036695179260477, -1.208963132800569 ], [ -78.037668559723343, -1.208530519261516 ], [ -78.038677991314472, -1.207989752337699 ], [ -78.039903729675117, -1.207340832029119 ], [ -78.040805007881488, -1.207088474131338 ], [ -78.041814439472603, -1.207160576387847 ], [ -78.042751768807221, -1.207232678644356 ], [ -78.043436740244061, -1.207304780900865 ], [ -78.044085660552639, -1.207340832029119 ], [ -78.044878785374237, -1.20726872977261 ], [ -78.045744012452346, -1.207557138798646 ], [ -78.046212677119655, -1.207881598952936 ], [ -78.04668134178695, -1.208314212491989 ], [ -78.04715000645426, -1.208602621518025 ], [ -78.047582619993321, -1.208674723774533 ], [ -78.047798926762852, -1.208386314748498 ], [ -78.047654722249831, -1.207881598952936 ], [ -78.047113955326012, -1.207016371874829 ], [ -78.046248728247903, -1.206042991411959 ], [ -78.044842734245975, -1.204456741768763 ], [ -78.044410120706928, -1.203735719203674 ], [ -78.044356044014535, -1.202798389869059 ], [ -78.044590376348182, -1.201951188355079 ], [ -78.045077066579623, -1.201482523687771 ], [ -78.045617833503442, -1.201194114661736 ], [ -78.04619465155551, -1.201158063533481 ], [ -78.046735418479329, -1.200995833456336 ], [ -78.046915674120598, -1.2009057056357 ], [ -78.046771469607577, -1.200671373302046 ], [ -78.046176625991379, -1.200364938711884 ], [ -78.04565388463169, -1.200328887583629 ], [ -78.044968913194865, -1.200382964276011 ], [ -78.044464197399293, -1.200364938711884 ], [ -78.044067634988494, -1.200364938711884 ], [ -78.043689098141826, -1.200292836455375 ], [ -78.043202407910385, -1.200094555249975 ], [ -78.042787819935469, -1.200004427429339 ], [ -78.042553487601808, -1.200094555249975 ], [ -78.04231915526816, -1.200364938711884 ], [ -78.041958643985609, -1.200653347737919 ], [ -78.041652209395451, -1.200815577815064 ], [ -78.041471953754183, -1.200707424430301 ], [ -78.04121959585639, -1.200491117660774 ], [ -78.041093416907501, -1.200509143224901 ], [ -78.040841059009722, -1.200743475558555 ], [ -78.040462522163054, -1.2009057056357 ], [ -78.040174113137013, -1.201013859020464 ], [ -78.039885704110986, -1.201122012405227 ], [ -78.039687422905587, -1.201194114661736 ], [ -78.039435065007808, -1.201284242482372 ], [ -78.039164681545898, -1.201374370303008 ], [ -78.038966400340499, -1.201482523687771 ], [ -78.039128630417636, -1.201897111662698 ], [ -78.039362962751298, -1.202491955278896 ], [ -78.039272834930657, -1.202906543253822 ], [ -78.038966400340499, -1.20317692671573 ], [ -78.038696016878589, -1.203393233485257 ], [ -78.03844365898081, -1.203627565818911 ], [ -78.03810117326239, -1.203717693639547 ], [ -78.037704610851591, -1.203717693639547 ], [ -78.037326074004909, -1.203609540254784 ], [ -78.036821358209352, -1.203447310177639 ], [ -78.036280591285532, -1.203231003408112 ], [ -78.035631670976954, -1.203014696638585 ], [ -78.035072878489018, -1.202690236484295 ], [ -78.034568162693446, -1.202473929714769 ], [ -78.034171600282647, -1.202275648509369 ], [ -78.033937267949, -1.201788958277934 ], [ -78.033883191256621, -1.201248191354118 ], [ -78.033865165692518, -1.201293255264436 ], [ -78.033684910051235, -1.201293255264436 ], [ -78.033261309294247, -1.201212140225864 ], [ -78.03311710478124, -1.201094974059037 ], [ -78.032882772447579, -1.200806565033001 ], [ -78.032756593498689, -1.200391977058075 ], [ -78.032648440113931, -1.199454647723459 ], [ -78.032666465678048, -1.198985983056152 ], [ -78.0326304145498, -1.198553369517098 ], [ -78.0326304145498, -1.198436203350271 ], [ -78.032549299511231, -1.198237922144872 ], [ -78.032206813792811, -1.19818384545249 ], [ -78.03208964762598, -1.197967538682963 ], [ -78.031882353638522, -1.197498874015656 ], [ -78.031810251382012, -1.197354669502638 ], [ -78.031557893484234, -1.197102311604857 ], [ -78.031206394983755, -1.196831928142948 ], [ -78.030746743098504, -1.196525493552786 ], [ -78.029764349853608, -1.195759407077379 ], [ -78.029367787442808, -1.195398895794834 ], [ -78.028935173903761, -1.194822077742763 ], [ -78.028718867134231, -1.193704492766875 ], [ -78.028394406979942, -1.192622958919242 ], [ -78.027997844569143, -1.191829834097644 ], [ -78.027457077645323, -1.190928555891283 ], [ -78.027384975388813, -1.190279635582703 ], [ -78.027384975388813, -1.189774919787141 ], [ -78.026663952823725, -1.188981794965543 ], [ -78.026411594925946, -1.188441028041726 ], [ -78.026375543797684, -1.188116567887436 ], [ -78.026772106208483, -1.187792107733146 ], [ -78.026591850567215, -1.187035034039803 ], [ -78.026573825003084, -1.18640413929535 ], [ -78.026636914477535, -1.185773244550897 ], [ -78.026790131772614, -1.185493848306925 ], [ -78.027114591926903, -1.185187413716762 ], [ -78.027583256594212, -1.184835915216282 ], [ -78.027213732529589, -1.183961675356111 ], [ -78.026510735528632, -1.183024346021495 ], [ -78.025987994168943, -1.182591732482442 ], [ -78.024618051295278, -1.181690454276081 ], [ -78.023464415191128, -1.180825227197974 ], [ -78.022977724959702, -1.18026643471003 ], [ -78.022833520446682, -1.179743693350341 ], [ -78.022707341497792, -1.179004645221124 ], [ -78.023031801652081, -1.17864413393858 ], [ -78.02335626180637, -1.178265597091908 ], [ -78.023464415191128, -1.177760881296346 ], [ -78.023518491883507, -1.177526548962692 ], [ -78.023626645268337, -1.176931705346494 ], [ -78.023716773088978, -1.176499091807441 ], [ -78.023842952037867, -1.176156606089023 ], [ -78.023933079858509, -1.175633864729334 ], [ -78.024095309935646, -1.17539953239568 ], [ -78.024690153551845, -1.175381506831553 ], [ -78.025212894911533, -1.175381506831553 ], [ -78.025843789655994, -1.175219276754408 ], [ -78.026546786656951, -1.174984944420754 ], [ -78.026961374631881, -1.174840739907736 ], [ -78.02708755358077, -1.174732586522973 ], [ -78.026997425760129, -1.174498254189319 ], [ -78.025068690398527, -1.173506848162322 ], [ -78.024600025731218, -1.173218439136286 ], [ -78.024347667833439, -1.173020157930887 ], [ -78.024365693397556, -1.17247939100707 ], [ -78.024491872346445, -1.17215493085278 ], [ -78.024672127987728, -1.171740342877854 ], [ -78.024906460321375, -1.171469959415945 ], [ -78.025014613706134, -1.171253652646419 ], [ -78.025068690398527, -1.171055371441019 ], [ -78.024996588142017, -1.170514604517203 ], [ -78.024870409193127, -1.170154093234658 ], [ -78.024870409193127, -1.17000988872164 ], [ -78.024762255808355, -1.169865684208623 ], [ -78.024762255808355, -1.169757530823859 ], [ -78.025086715962644, -1.169577275182587 ], [ -78.025176843783285, -1.169451096233696 ], [ -78.025140792655037, -1.169216763900043 ], [ -78.024978562577886, -1.168856252617498 ], [ -78.025050664834396, -1.16871204810448 ], [ -78.024798306936617, -1.168838227053371 ], [ -78.024059258807398, -1.16891032930988 ], [ -78.023716773088978, -1.168820201489244 ], [ -78.023356261806441, -1.168784150360989 ], [ -78.022959699395642, -1.168784150360989 ], [ -78.022599188113091, -1.168784150360989 ], [ -78.022238676830554, -1.168784150360989 ], [ -78.021824088855624, -1.168748099232735 ], [ -78.021463577573073, -1.168621920283844 ], [ -78.021139117418784, -1.168297460129554 ], [ -78.021094053508492, -1.168126217270345 ], [ -78.021058002380244, -1.167918923282882 ], [ -78.021039976816112, -1.167783731551928 ], [ -78.020634401623255, -1.167828795462246 ], [ -78.020373030943404, -1.16783780824431 ], [ -78.020093634699435, -1.167846821026373 ], [ -78.019967455750546, -1.167810769898119 ], [ -78.019904366276094, -1.167729654859546 ], [ -78.019931404622298, -1.167432233051447 ], [ -78.020021532442925, -1.167206913499857 ], [ -78.020201788084194, -1.167017645076521 ], [ -78.020571312148803, -1.166684172140168 ], [ -78.020697491097692, -1.16656700597334 ], [ -78.020868733956902, -1.16644082702445 ], [ -78.021003925687864, -1.16634168642175 ], [ -78.021175168547074, -1.166188469126669 ], [ -78.021292334713891, -1.166080315741906 ], [ -78.021499628701363, -1.165999200703333 ], [ -78.02188717833009, -1.166098341306033 ], [ -78.021770012163273, -1.165728817241425 ], [ -78.021733961035011, -1.165233114227926 ], [ -78.021193194111191, -1.165359293176817 ], [ -78.020958861777544, -1.165350280394753 ], [ -78.020661439969444, -1.165161011971417 ], [ -78.020544273802614, -1.164908654073636 ], [ -78.020436120417855, -1.164638270611728 ], [ -78.020391056507535, -1.164412951060137 ], [ -78.020373030943404, -1.164196644290611 ], [ -78.020427107635797, -1.163709954059176 ], [ -78.020553286584686, -1.163511672853776 ], [ -78.02082367004661, -1.163061033750596 ], [ -78.02089577230312, -1.162781637506624 ], [ -78.020688478315662, -1.162898803673451 ], [ -78.020201788084222, -1.163223263827741 ], [ -78.020111660263581, -1.163277340520123 ], [ -78.019940417404371, -1.16329536608425 ], [ -78.019751148981044, -1.163313391648377 ], [ -78.019588918903892, -1.16319622548155 ], [ -78.019453727172944, -1.163142148789168 ], [ -78.019309522659924, -1.163214251045677 ], [ -78.019156305364845, -1.163358455558695 ], [ -78.018994075287694, -1.163448583379331 ], [ -78.018822832428484, -1.163457596161395 ], [ -78.018651589569274, -1.16342154503314 ], [ -78.018516397838326, -1.163367468340759 ], [ -78.018327129414985, -1.163358455558695 ], [ -78.018200950466095, -1.163403519469013 ], [ -78.018110822645468, -1.16352068563584 ], [ -78.018047733171016, -1.163664890148858 ], [ -78.018020694824827, -1.163872184136321 ], [ -78.018020694824827, -1.164097503687911 ], [ -78.017975630914506, -1.164322823239502 ], [ -78.017876490311806, -1.164476040534583 ], [ -78.017741298580859, -1.164647283393792 ], [ -78.017579068503707, -1.164737411214428 ], [ -78.017434863990687, -1.164836551817127 ], [ -78.017236582785287, -1.164908654073636 ], [ -78.017011263233698, -1.164980756330145 ], [ -78.016794956464182, -1.164989769112209 ], [ -78.016605688040841, -1.164926679637764 ], [ -78.016425432399572, -1.164845564599191 ], [ -78.016308266232741, -1.164764449560618 ], [ -78.016182087283852, -1.164683334522046 ], [ -78.015983806078452, -1.164521104444901 ], [ -78.015821576001301, -1.164458014970456 ], [ -78.015614282013843, -1.164458014970456 ], [ -78.015443039154633, -1.164449002188392 ], [ -78.015271796295423, -1.16449406609871 ], [ -78.015109566218285, -1.164584193919346 ], [ -78.014974374487323, -1.164656296175855 ], [ -78.014803131628113, -1.164746423996491 ], [ -78.014694978243355, -1.164827539035064 ], [ -78.014514722602087, -1.164962730766018 ], [ -78.014307428614615, -1.165115948061099 ], [ -78.014091121845098, -1.165287190920308 ], [ -78.013892840639699, -1.165386331523008 ], [ -78.013676533870168, -1.165449420997453 ], [ -78.013406150408258, -1.165530536036026 ], [ -78.013180830856669, -1.165548561600153 ], [ -78.013036626343649, -1.165503497689835 ], [ -78.01285637070238, -1.165449420997453 ], [ -78.012576974458412, -1.165386331523008 ], [ -78.01236968047094, -1.165278178138244 ], [ -78.012180412047613, -1.16524212700999 ], [ -78.011576555649356, -1.164980756330145 ], [ -78.010783430827757, -1.164439989406329 ], [ -78.010152536083311, -1.164025401431402 ], [ -78.009828075929022, -1.163628839020604 ], [ -78.009792024800774, -1.163358455558695 ], [ -78.009954254877911, -1.162997944276151 ], [ -78.010044382698553, -1.162511254044716 ], [ -78.009972280442042, -1.161934435992645 ], [ -78.009755973672526, -1.161366630722637 ], [ -78.009512628556806, -1.16102414500422 ], [ -78.009016925543307, -1.160627582593421 ], [ -78.008512209747749, -1.160258058528813 ], [ -78.008124660119009, -1.160005700631032 ], [ -78.008034532298382, -1.159924585592459 ], [ -78.007655995451699, -1.159537035963724 ], [ -78.00752981650281, -1.159095409642607 ], [ -78.007439688682183, -1.15845550211609 ], [ -78.006898921758363, -1.158167093090055 ], [ -78.006168886411231, -1.156842214126705 ], [ -78.006024681898211, -1.155724629150817 ], [ -78.005447863846129, -1.155111759970491 ], [ -78.005231557076613, -1.154426788533657 ], [ -78.005375761589633, -1.154102328379367 ], [ -78.107905170345248, -1.145702415496081 ], [ -78.116845850152359, -1.202951607164141 ], [ -78.117855281743473, -1.20626831096355 ], [ -78.118143690769514, -1.210161832815031 ], [ -78.119874144925731, -1.214632172718582 ], [ -78.120883576516846, -1.217660467491955 ], [ -78.122181417134016, -1.220977171291364 ], [ -78.124200280316259, -1.224438079603791 ], [ -78.124056075803239, -1.227177965351129 ], [ -78.120595167490833, -1.231648305254681 ], [ -78.120306758464793, -1.234676600028054 ], [ -78.120162553951786, -1.236551258697286 ], [ -78.119153122360657, -1.239002735418588 ], [ -78.118864713334617, -1.240300576035748 ], [ -78.119585735899705, -1.242607848244032 ], [ -78.119729940412725, -1.245203529478353 ], [ -78.11857630430859, -1.247655006199655 ], [ -78.117855281743502, -1.248664437790779 ], [ -78.116845850152373, -1.249673869381904 ], [ -78.116701645639353, -1.251981141590188 ], [ -78.118864713334617, -1.255730458928651 ], [ -78.119585735899705, -1.258758753702024 ], [ -78.119008917847637, -1.261498639449362 ], [ -78.11872050882161, -1.265247956787825 ], [ -78.119153122360657, -1.271881364386643 ], [ -78.119153122360657, -1.280101021628656 ], [ -78.119153122360657, -1.286013406662385 ], [ -78.119008917847637, -1.293367836826292 ], [ -78.11872050882161, -1.297838176729844 ], [ -78.11857630430859, -1.300866471503217 ], [ -78.115764316304762, -1.31571953634405 ], [ -78.115187498252695, -1.320622489786655 ], [ -78.117494770460979, -1.328409533489615 ], [ -78.120811474260393, -1.333456691445237 ], [ -78.121244087799454, -1.336773395244647 ], [ -78.120523065234352, -1.340090099044056 ], [ -78.119081020104176, -1.3436952118695 ], [ -78.118071588513061, -1.346435097616838 ], [ -78.118504202052108, -1.348598165312105 ], [ -78.117638974974, -1.3501844149553 ], [ -78.117350565947973, -1.352780096189621 ], [ -78.118215793026067, -1.354222141319798 ], [ -78.118504202052108, -1.35609679998903 ], [ -78.118215793026067, -1.358404072197314 ], [ -78.117927384000041, -1.360711344405599 ], [ -78.120234656208325, -1.363018616613883 ], [ -78.122541928416609, -1.364460661744061 ], [ -78.124560791598853, -1.36518168430915 ], [ -78.127300677346199, -1.367633161030452 ], [ -78.127156472833178, -1.370661455803826 ], [ -78.127733290885246, -1.372536114473057 ], [ -78.127589086372225, -1.374410773142288 ], [ -78.126723859294117, -1.376429636324537 ], [ -78.125426018676961, -1.37816009048075 ], [ -78.12629124575507, -1.380899976228088 ], [ -78.127589086372225, -1.383207248436373 ], [ -78.129463745041463, -1.384793498079569 ], [ -78.131338403710686, -1.385658725157675 ], [ -78.133068857866903, -1.387100770287853 ], [ -78.13494351653614, -1.388975428957084 ], [ -78.136097152640275, -1.390994292139333 ], [ -78.137250788744424, -1.3931573598346 ], [ -78.1386928338746, -1.39445520045176 ], [ -78.139846469978735, -1.396185654607974 ], [ -78.141865333160993, -1.396906677173062 ], [ -78.144461014395304, -1.395897245581938 ], [ -78.144461014395304, -1.395897245581938 ], [ -78.146293870601028, -1.396194359159733 ] ] ] ] } },
{ "type": "Feature", "properties": { "fid": 5, "Descripcion": "Area referencial; la comunidad de Santa Clara quiere titular esta parte de su territorio dentro del Bosque Protector Habitagua", "Comunidad": "Santa Clara", "categoria": "Tierra Comunitaría", "status": "Sin reconocimiento", "etnias": "Kichwa", "area_sig_h": 1131.88, "fuente": "Area referencial levantada durante reuniones con dirigentes comunitarios", "fecha_atua": "mar/2025" }, "geometry": { "type": "MultiPolygon", "coordinates": [ [ [ [ -77.992016057630906, -1.289484572004268 ], [ -77.990017642988391, -1.288485364683013 ], [ -77.98851883200652, -1.288085681754511 ], [ -77.987719466149514, -1.287086474433255 ], [ -77.986220655167628, -1.285887425647749 ], [ -77.984322161257239, -1.28428869393374 ], [ -77.970433179491792, -1.285987346379875 ], [ -77.971232545348798, -1.288685206147264 ], [ -77.970633020956043, -1.291083303718277 ], [ -77.970832862420295, -1.293781163485667 ], [ -77.971532307545175, -1.29617926105668 ], [ -77.972231752670055, -1.297178468377935 ], [ -77.973430801455564, -1.297877913502814 ], [ -77.974729770973184, -1.298677279359818 ], [ -77.975429216098064, -1.299676486681074 ], [ -77.974729770973184, -1.300775614734455 ], [ -77.973430801455564, -1.300775614734455 ], [ -77.972631435598558, -1.300276011073827 ], [ -77.971732149009426, -1.299776407413199 ], [ -77.971232545348798, -1.299776407413199 ], [ -77.970732941688169, -1.300475852538078 ], [ -77.970832862420295, -1.301574980591459 ], [ -77.970732941688169, -1.302474267180589 ], [ -77.970633020956043, -1.303273633037593 ], [ -77.970633020956043, -1.303973078162472 ], [ -77.971032703884546, -1.304572602555225 ], [ -77.971732149009426, -1.305172126947979 ], [ -77.972531514866432, -1.30537196841223 ], [ -77.973730563651927, -1.307270462322615 ], [ -77.973930405116178, -1.309668559893628 ], [ -77.97622858195507, -1.309568639161502 ], [ -77.978926441722464, -1.309268876965126 ], [ -77.981524380757719, -1.310467925750632 ], [ -77.983422874668108, -1.31276610258952 ], [ -77.983822557596611, -1.315963566017537 ], [ -77.985621130774874, -1.316962773338793 ], [ -77.98981780152414, -1.31836166358855 ], [ -77.993714710077043, -1.319161029445554 ], [ -77.995912966183809, -1.318961187981303 ], [ -77.996212728380186, -1.32105952335594 ], [ -77.997311856433555, -1.322158651409321 ], [ -77.998111222290561, -1.324057145319706 ], [ -77.999510112540321, -1.325256194105213 ], [ -78.000609240593704, -1.327254608747723 ], [ -78.001808289379213, -1.328853340461732 ], [ -78.003606862557476, -1.330052389247239 ], [ -78.006104880860605, -1.330152309979364 ], [ -78.006704405253359, -1.329153102658109 ], [ -78.007403850378239, -1.324956431908836 ], [ -78.009002582092251, -1.318661425784927 ], [ -78.008602899163748, -1.31366538917865 ], [ -78.010301551609885, -1.309668559893628 ], [ -78.005805118664227, -1.309668559893628 ], [ -78.001708368647087, -1.30717054159049 ], [ -78.000209557665201, -1.304172919626723 ], [ -77.998610825951189, -1.302174504984212 ], [ -77.997511697897806, -1.300775614734455 ], [ -77.996112807648061, -1.300276011073827 ], [ -77.995813045451683, -1.298377517163442 ], [ -77.996112807648061, -1.296279181788805 ], [ -77.996012886915935, -1.294480608610546 ], [ -77.994314234469797, -1.292282352503784 ], [ -77.991716295434529, -1.289384651272143 ], [ -77.991716295434529, -1.289284730540017 ], [ -77.992016057630906, -1.289484572004268 ] ] ] ] } },
{ "type": "Feature", "properties": { "fid": 2, "Descripcion": "Cofán Bermejo desea incluir esta area dentro de su territorio; dicen que esta área no está actualmente reclamada por ninguna comunidad.", "Comunidad": "Cofan Bermejo", "categoria": "Tierra Comunitaría", "status": "Sin reconocimiento", "etnias": "Cofán", "area_sig_h": 157.25, "fuente": "Area referencial levantada durante reuniones con dirigentes comunitarios", "fecha_atua": "mar/2025" }, "geometry": { "type": "MultiPolygon", "coordinates": [ [ [ [ -77.274369741436203, 0.22977351465785 ], [ -77.273620823391511, 0.229939940890004 ], [ -77.271845610248533, 0.229745776952491 ], [ -77.265604626542782, 0.2289968589078 ], [ -77.256395708363613, 0.229052334318518 ], [ -77.254148954229535, 0.229440662193543 ], [ -77.258143183801224, 0.224309186702141 ], [ -77.259308167426298, 0.224392399818218 ], [ -77.260362200229935, 0.223948596532475 ], [ -77.26124980680143, 0.22303325225563 ], [ -77.262248364194349, 0.222062432568068 ], [ -77.263607511756931, 0.221563153871607 ], [ -77.264190003569468, 0.221368989934094 ], [ -77.264994397024878, 0.221313514523377 ], [ -77.265493675721345, 0.220647809594762 ], [ -77.2656601019535, 0.219066760389303 ], [ -77.265771052774937, 0.218151416112459 ], [ -77.26768495444469, 0.218678432514278 ], [ -77.269793020051978, 0.220093055487584 ], [ -77.2714018069628, 0.221063875175146 ], [ -77.272844167641452, 0.221896006335914 ], [ -77.273509872570074, 0.222922301434194 ], [ -77.273204757811129, 0.224919416220037 ], [ -77.272206200418196, 0.22613987525583 ], [ -77.27242810206107, 0.227665449050571 ], [ -77.273426659453989, 0.228858170381005 ], [ -77.274369741436203, 0.22977351465785 ] ] ] ] } },
{ "type": "Feature", "properties": { "fid": 2, "Descripcion": "Limites del territorio Cofan Bermejo", "Comunidad": "Cofan Bermejo", "categoria": "Tierra Comunitaría", "status": "Sin reconocimiento", "etnias": "Cofán", "area_sig_h": 54251.29, "fuente": "GAD Sucumbíos", "fecha_atua": "may/2024" }, "geometry": { "type": "MultiPolygon", "coordinates": [ [ [ [ -77.391006151999989, 0.389947167000059 ], [ -77.39062686699998, 0.389541657000052 ], [ -77.390567192999981, 0.389432254000042 ], [ -77.390270450999935, 0.388888223000038 ], [ -77.390234246999967, 0.388834727000074 ], [ -77.390022426999963, 0.38852173600003 ], [ -77.389711724999984, 0.38806263400005 ], [ -77.389383157999987, 0.387956072000065 ], [ -77.389007403999983, 0.387834206000036 ], [ -77.388455369999974, 0.387758063000035 ], [ -77.388361474999954, 0.387762419000069 ], [ -77.388043319999952, 0.387777179000068 ], [ -77.387992979999979, 0.387779514000044 ], [ -77.387560692999955, 0.387777098000072 ], [ -77.387046728999962, 0.387624813000059 ], [ -77.386763819999942, 0.387563311000065 ], [ -77.386608907999971, 0.387529635000021 ], [ -77.386037836999947, 0.387415421000071 ], [ -77.385561944999949, 0.38735831300005 ], [ -77.385124123999958, 0.387244100000032 ], [ -77.384936742999969, 0.387201513000036 ], [ -77.384705338999936, 0.387148921000062 ], [ -77.38430558999994, 0.387053743000024 ], [ -77.383886803999985, 0.386901457000022 ], [ -77.383669089999955, 0.38673497000002 ], [ -77.383563197999933, 0.386653993000039 ], [ -77.383353804999956, 0.386444600000061 ], [ -77.383306826999956, 0.386315111000044 ], [ -77.383248778999985, 0.386155109000072 ], [ -77.383245499999987, 0.386146071000042 ], [ -77.382935019999934, 0.38572124500007 ], [ -77.382535270999938, 0.385416673000066 ], [ -77.38232594599998, 0.385376159000032 ], [ -77.38206927899995, 0.38532648100005 ], [ -77.381945163999944, 0.385302459000059 ], [ -77.381176176999986, 0.385261481000043 ], [ -77.38055344199995, 0.385457058000043 ], [ -77.380409545999953, 0.385502250000059 ], [ -77.380178203999947, 0.38560740600002 ], [ -77.379102685999953, 0.386096279000071 ], [ -77.37883186199997, 0.387514663000047 ], [ -77.378654662999963, 0.388267725000048 ], [ -77.378508656999941, 0.388888223000038 ], [ -77.378508656999941, 0.390016876000061 ], [ -77.379318238999986, 0.390620554000066 ], [ -77.380425467999942, 0.39067456600003 ], [ -77.380479595999986, 0.390677206000021 ], [ -77.38048893499996, 0.39067766200003 ], [ -77.380516535999959, 0.39071700900007 ], [ -77.381159942999943, 0.391634205000059 ], [ -77.381954027999939, 0.392927623000048 ], [ -77.382010077999951, 0.392995288000066 ], [ -77.382644725999967, 0.393761443000074 ], [ -77.383301456999959, 0.394789370000069 ], [ -77.38350133199998, 0.395146289000024 ], [ -77.383439104999979, 0.395541363000063 ], [ -77.383414526999957, 0.395791228000064 ], [ -77.383320293999986, 0.396016589000055 ], [ -77.383036264999987, 0.396087528000066 ], [ -77.382787492999967, 0.396302708000064 ], [ -77.382616172999974, 0.396502582000039 ], [ -77.382359190999978, 0.396688181000059 ], [ -77.382271903999936, 0.396752191000076 ], [ -77.382145038999965, 0.39684522500005 ], [ -77.381659629999945, 0.397002269000041 ], [ -77.381241188, 0.39720464800007 ], [ -77.380960067999979, 0.39720464800007 ], [ -77.380468950999955, 0.39720464800007 ], [ -77.37987044099998, 0.397018714000069 ], [ -77.379403899999943, 0.396873778000042 ], [ -77.378599071999986, 0.396613757000068 ], [ -77.378475909999963, 0.396573966000062 ], [ -77.378287914999987, 0.396634483000071 ], [ -77.377981987999988, 0.396732964000023 ], [ -77.377439400999947, 0.396907628000065 ], [ -77.376785965999943, 0.397026439000058 ], [ -77.376297560999944, 0.397264050000047 ], [ -77.376248734999933, 0.39728780400003 ], [ -77.375934866999955, 0.397518903000048 ], [ -77.375600495999947, 0.397549294000044 ], [ -77.375557245999971, 0.397586938000074 ], [ -77.375239489999956, 0.397863501000074 ], [ -77.374920225999972, 0.398306791000039 ], [ -77.374786503999985, 0.398492462000036 ], [ -77.37446829299995, 0.399081002000059 ], [ -77.374376059999975, 0.399251590000063 ], [ -77.374336933999984, 0.399323955000057 ], [ -77.374315251999974, 0.399462558000039 ], [ -77.374149478999982, 0.400522268000032 ], [ -77.373559216, 0.400726113000076 ], [ -77.372919539999941, 0.400947023000072 ], [ -77.372133694999945, 0.401096405000033 ], [ -77.371359170999938, 0.40107378600004 ], [ -77.370321385999944, 0.400704856000061 ], [ -77.370246831999964, 0.400660616000039 ], [ -77.370163572999957, 0.400460667000061 ], [ -77.370142339999973, 0.400409676000038 ], [ -77.369741148999935, 0.399446209000075 ], [ -77.369502611999962, 0.398992101000033 ], [ -77.369370849999939, 0.398741263000034 ], [ -77.369286738999961, 0.398581138000054 ], [ -77.369262408999987, 0.398534821000055 ], [ -77.368971782999949, 0.398076281000044 ], [ -77.368652813999972, 0.397950278000053 ], [ -77.36831615899996, 0.39795914900003 ], [ -77.368299178999962, 0.397959596000021 ], [ -77.367547998999953, 0.397979389000056 ], [ -77.367204012999935, 0.397912197000039 ], [ -77.367108203999976, 0.397893482000029 ], [ -77.366932892999955, 0.397859238000024 ], [ -77.366714023999975, 0.397774954000056 ], [ -77.366397481999968, 0.39765305700007 ], [ -77.365208881999934, 0.39691067800004 ], [ -77.364984773999936, 0.396770704000062 ], [ -77.364894763999985, 0.396733975000075 ], [ -77.364591754999935, 0.396610331000034 ], [ -77.364307005999933, 0.396610445000022 ], [ -77.363780820999978, 0.396579496000072 ], [ -77.363338831999954, 0.396553499000049 ], [ -77.362873356999955, 0.396424534000062 ], [ -77.362450312999954, 0.396307325000066 ], [ -77.362318089999974, 0.39605646900003 ], [ -77.362240755999949, 0.395909750000044 ], [ -77.362199544999953, 0.395831565000037 ], [ -77.362039817999971, 0.395155104000025 ], [ -77.362040268999976, 0.39514123400005 ], [ -77.36206795399994, 0.39428937100007 ], [ -77.361982332999958, 0.393790611000043 ], [ -77.361976283999979, 0.39378156600003 ], [ -77.361771493999981, 0.393475366000075 ], [ -77.361492363999957, 0.393286279000051 ], [ -77.360848794999981, 0.393206269000075 ], [ -77.360304901999939, 0.393287607000048 ], [ -77.360191892999978, 0.393304507000039 ], [ -77.360080011999969, 0.393321239000045 ], [ -77.359539204999976, 0.39388331400005 ], [ -77.359174998999947, 0.394719363000036 ], [ -77.358924694999985, 0.395293944000059 ], [ -77.358898113999942, 0.395316325000067 ], [ -77.358127653999986, 0.395965055000033 ], [ -77.35771768799998, 0.396160150000071 ], [ -77.35757076699997, 0.396157280000068 ], [ -77.357494165999981, 0.39615578300004 ], [ -77.357142483999951, 0.396148913000047 ], [ -77.35678930499995, 0.395931189000066 ], [ -77.356356370999947, 0.395650430000046 ], [ -77.356249042999934, 0.395528192000029 ], [ -77.355993679999983, 0.395237351000048 ], [ -77.355718385999978, 0.394923812000059 ], [ -77.355666961999987, 0.394865243000027 ], [ -77.355637031999947, 0.39483634100003 ], [ -77.355524531999947, 0.394727701000022 ], [ -77.354605386999935, 0.394423360000076 ], [ -77.354573333999952, 0.394412747000047 ], [ -77.353730330999952, 0.394069082000044 ], [ -77.353624671999967, 0.393992199000024 ], [ -77.353462586999967, 0.393874256000061 ], [ -77.353430964999973, 0.393793926000058 ], [ -77.353398283999979, 0.393710904000045 ], [ -77.353354272999979, 0.393599100000074 ], [ -77.353200396999966, 0.393318230000034 ], [ -77.35311909099994, 0.393281451000064 ], [ -77.352450423999983, 0.392978973000027 ], [ -77.351668152999935, 0.392625104000047 ], [ -77.351041451999947, 0.392000419000055 ], [ -77.350204041999973, 0.391398749000075 ], [ -77.349024229999941, 0.391214249000029 ], [ -77.348814356999981, 0.391181429000028 ], [ -77.347510273999944, 0.391422741000042 ], [ -77.347110852999947, 0.391679096000075 ], [ -77.34667899599998, 0.391956269000048 ], [ -77.345864581999933, 0.391916456000047 ], [ -77.345129974999963, 0.391708180000023 ], [ -77.344753912999977, 0.391601558000048 ], [ -77.343677442999933, 0.391361180000047 ], [ -77.342714931999978, 0.391269824000062 ], [ -77.341836172999933, 0.391198508000059 ], [ -77.341351772999985, 0.391159196000046 ], [ -77.34083643699995, 0.391117375000022 ], [ -77.340787076999959, 0.391113369000038 ], [ -77.340676010999971, 0.391104355000039 ], [ -77.340168963999986, 0.390634416000069 ], [ -77.339955893999957, 0.390084957000056 ], [ -77.339815511999973, 0.389722945000074 ], [ -77.339711771999987, 0.389637813000036 ], [ -77.339677473999984, 0.389609668000048 ], [ -77.339599029999988, 0.389545295000062 ], [ -77.339540621999959, 0.389528750000068 ], [ -77.337315027999978, 0.388898312000038 ], [ -77.335583034999956, 0.388374648000024 ], [ -77.335042394999959, 0.388211186000035 ], [ -77.334639710999966, 0.38822813400003 ], [ -77.334079926999948, 0.388251693000029 ], [ -77.332183355999973, 0.388051760000053 ], [ -77.33179129399997, 0.388011433000031 ], [ -77.331516993999969, 0.387983218000045 ], [ -77.330172948999973, 0.388035339000055 ], [ -77.328988649999985, 0.388821281000048 ], [ -77.328345270999989, 0.389291673000059 ], [ -77.328002157999947, 0.389353908000032 ], [ -77.327838435, 0.389383605000035 ], [ -77.327768, 0.389376360000028 ], [ -77.327172068999971, 0.389315062000037 ], [ -77.326406584999972, 0.388840968000068 ], [ -77.326336255999934, 0.388797410000052 ], [ -77.325941609999973, 0.388552989000061 ], [ -77.323941169999955, 0.386828369000057 ], [ -77.322137118999933, 0.385233222000068 ], [ -77.321555965999949, 0.384719364000034 ], [ -77.320917901999962, 0.384199772000045 ], [ -77.320336917999953, 0.383833843000048 ], [ -77.320062471999961, 0.383660985000063 ], [ -77.319292471999972, 0.383176007000031 ], [ -77.319017193999969, 0.382843708000053 ], [ -77.318912616999967, 0.382717471000035 ], [ -77.318851775999974, 0.382472865000068 ], [ -77.31886531899994, 0.382198102000075 ], [ -77.318881919999967, 0.381861281000056 ], [ -77.31894079999995, 0.381670026000052 ], [ -77.319014891999984, 0.381429362000063 ], [ -77.319018440999969, 0.381417837000072 ], [ -77.319017016999965, 0.381372513000031 ], [ -77.319003071999987, 0.38092858300007 ], [ -77.318729526999959, 0.380470006000053 ], [ -77.318635573999984, 0.380396975000053 ], [ -77.318395309999971, 0.380210214000044 ], [ -77.318120761999978, 0.380075690000069 ], [ -77.317802892999964, 0.379919939000047 ], [ -77.31722575699996, 0.379874290000032 ], [ -77.316754970999966, 0.37993562500003 ], [ -77.316215553999939, 0.38013730800003 ], [ -77.315813484999978, 0.380287637000038 ], [ -77.315095140999972, 0.380739995000056 ], [ -77.315084661999947, 0.380746594000072 ], [ -77.315061181999965, 0.380752392000034 ], [ -77.314340546999972, 0.380930349000039 ], [ -77.313710771999979, 0.380930588000069 ], [ -77.313620344999947, 0.380930621000061 ], [ -77.313581176999946, 0.380930636000073 ], [ -77.31333929699997, 0.380841768000039 ], [ -77.313315370999987, 0.380832977000068 ], [ -77.313229747999969, 0.380801518000055 ], [ -77.312970084999961, 0.380706116000056 ], [ -77.312791323999988, 0.380640437000068 ], [ -77.312747041999955, 0.380591323000033 ], [ -77.312198767999973, 0.37998321300006 ], [ -77.312044411999977, 0.379632244000049 ], [ -77.311849161999987, 0.379188293000027 ], [ -77.311317152999948, 0.377980626000067 ], [ -77.310997893999968, 0.377109246000032 ], [ -77.310965359999955, 0.376828485000033 ], [ -77.31092171399996, 0.376451827000039 ], [ -77.311118918999966, 0.375824885000043 ], [ -77.311164337999969, 0.375427342000023 ], [ -77.311027498999977, 0.375014577000059 ], [ -77.309766234999984, 0.373088571000039 ], [ -77.309188824999978, 0.372309020000046 ], [ -77.30840980399995, 0.372028198000066 ], [ -77.308383783999943, 0.372018817000026 ], [ -77.307978747999982, 0.371893130000046 ], [ -77.307153457999959, 0.37163703300007 ], [ -77.305575059999967, 0.370518377000053 ], [ -77.305386329999976, 0.37038461800006 ], [ -77.305148191999933, 0.37021584200005 ], [ -77.304591586999948, 0.369774068000027 ], [ -77.303662933999988, 0.369037 ], [ -77.30349227399995, 0.368901545000028 ], [ -77.303036493999969, 0.368473603000041 ], [ -77.302842566999971, 0.368302163000067 ], [ -77.302535144999979, 0.368030387000033 ], [ -77.302150727999958, 0.367978233000031 ], [ -77.301973176999979, 0.367954145000056 ], [ -77.301573530999974, 0.367974077000042 ], [ -77.301531950999959, 0.36797615100005 ], [ -77.301046751999934, 0.368000350000045 ], [ -77.300912465999943, 0.368030750000059 ], [ -77.300302620999958, 0.368168807000075 ], [ -77.300242620999938, 0.368192676000035 ], [ -77.299735315999953, 0.368394487000046 ], [ -77.299725573999979, 0.36839836300004 ], [ -77.299482598999987, 0.368474899000034 ], [ -77.299419288999957, 0.368468910000047 ], [ -77.29867762799995, 0.368398744000046 ], [ -77.298191487999986, 0.368016680000039 ], [ -77.298035717999937, 0.367745090000028 ], [ -77.297963530999937, 0.367619231000049 ], [ -77.297857095999973, 0.367282897000052 ], [ -77.29765225899996, 0.36622131300004 ], [ -77.297567995999941, 0.365784614000063 ], [ -77.297491157999957, 0.365703803000031 ], [ -77.297233741999946, 0.36543307300002 ], [ -77.296869245999972, 0.365223564000075 ], [ -77.296737234999966, 0.365147685000068 ], [ -77.296702065999966, 0.365127470000061 ], [ -77.296302409999953, 0.365107828000021 ], [ -77.295775603999971, 0.365081936000024 ], [ -77.293831810999961, 0.36572480500007 ], [ -77.293797806999976, 0.365735921000066 ], [ -77.293269931999987, 0.365908485000034 ], [ -77.29289844799996, 0.365919619000067 ], [ -77.292237178999983, 0.365939438000055 ], [ -77.291539743999977, 0.365719646000059 ], [ -77.291391445999977, 0.365672911000047 ], [ -77.291339934999939, 0.36565667800005 ], [ -77.291219485999989, 0.365618721000033 ], [ -77.291038964999984, 0.365496920000055 ], [ -77.290126323999971, 0.364881146000073 ], [ -77.290054421999969, 0.364832633000049 ], [ -77.289973791999955, 0.36477823000007 ], [ -77.289274939999984, 0.364166890000035 ], [ -77.288849535999987, 0.363754218000054 ], [ -77.28881193899997, 0.363721799000075 ], [ -77.288530494999975, 0.363479116000065 ], [ -77.288043932999983, 0.363260189000073 ], [ -77.287953269999946, 0.363219395000044 ], [ -77.287715920999972, 0.363240879000045 ], [ -77.286955408999972, 0.36330971700005 ], [ -77.286935720999963, 0.363311499000019 ], [ -77.285903074999965, 0.363663535000057 ], [ -77.28356083999995, 0.364031870000019 ], [ -77.282785345999969, 0.364153823000038 ], [ -77.281225479999989, 0.364399126000023 ], [ -77.279660322999973, 0.364644091000059 ], [ -77.278982338999981, 0.364750203000028 ], [ -77.277949046999936, 0.364911925000058 ], [ -77.277556265999976, 0.364973400000054 ], [ -77.277504649999969, 0.364981478000061 ], [ -77.276296079999952, 0.364834535000057 ], [ -77.276031354999986, 0.364802348000069 ], [ -77.274986981999973, 0.364229347000048 ], [ -77.274057610999989, 0.364063693000048 ], [ -77.273809837999977, 0.364019529000075 ], [ -77.273686657999974, 0.364002351000067 ], [ -77.272526832999972, 0.363840604000075 ], [ -77.272442851999983, 0.363828892000072 ], [ -77.271398662999957, 0.363791039000034 ], [ -77.270525425999949, 0.364001589000054 ], [ -77.270056835999981, 0.364210231000072 ], [ -77.269709195999951, 0.364365020000037 ], [ -77.269578474999946, 0.364531071000044 ], [ -77.269529727999952, 0.364592992000041 ], [ -77.269272734999959, 0.36491944200003 ], [ -77.269026219999944, 0.365741373000048 ], [ -77.268400402999987, 0.367691087000026 ], [ -77.267595959999937, 0.368409772000064 ], [ -77.267582819999973, 0.368421512000054 ], [ -77.26747815799996, 0.36851501600006 ], [ -77.267394511999953, 0.368589744000076 ], [ -77.266714990999958, 0.368932094000058 ], [ -77.266217645999973, 0.369182663000061 ], [ -77.266055689999973, 0.369278650000069 ], [ -77.265572287999987, 0.369565150000028 ], [ -77.265154750999955, 0.369947554000021 ], [ -77.264382306999948, 0.370201440000073 ], [ -77.264296962999936, 0.370229490000042 ], [ -77.264281535999942, 0.370234561000075 ], [ -77.263522128999966, 0.370234836000066 ], [ -77.262742291999984, 0.370143835000022 ], [ -77.26259586499998, 0.370126748000075 ], [ -77.261889331999953, 0.370044300000075 ], [ -77.261447675999989, 0.369947618000026 ], [ -77.261232622999955, 0.36990054100005 ], [ -77.260295541999938, 0.36969540900003 ], [ -77.260099330999935, 0.36965245600004 ], [ -77.259971674999974, 0.36962451100004 ], [ -77.259872530999985, 0.36955669300005 ], [ -77.259192891999987, 0.369091793000052 ], [ -77.259145312999976, 0.369059247000052 ], [ -77.259022180999978, 0.368975019000061 ], [ -77.258376441999985, 0.368306302000065 ], [ -77.258015404999981, 0.367408129000069 ], [ -77.25785465499996, 0.367117079000025 ], [ -77.257542974999978, 0.366552759000058 ], [ -77.257540468999935, 0.366548221000073 ], [ -77.256958681999947, 0.365696949000039 ], [ -77.256913631999964, 0.365631029000042 ], [ -77.25639892099997, 0.365257075000045 ], [ -77.256265041999939, 0.365159807000055 ], [ -77.255888161999962, 0.36488599200004 ], [ -77.255432420999966, 0.364618574000076 ], [ -77.255394358999979, 0.364611269000022 ], [ -77.254156077999937, 0.36437361000003 ], [ -77.25374261199994, 0.364294255000061 ], [ -77.252552379999941, 0.364435258000071 ], [ -77.252521496999975, 0.36443891700003 ], [ -77.250344368999947, 0.364696834000029 ], [ -77.247812991999979, 0.363940183000068 ], [ -77.246129156999984, 0.363436869000054 ], [ -77.245909797999957, 0.363440855000022 ], [ -77.24398380699995, 0.363475853000068 ], [ -77.243689256999971, 0.363658476000069 ], [ -77.242009736999989, 0.364699791000021 ], [ -77.241803509999954, 0.364821862000042 ], [ -77.240994529999966, 0.365300717000025 ], [ -77.240491204999955, 0.36559864700007 ], [ -77.238592662999963, 0.36565666000007 ], [ -77.23648504099998, 0.365045785000063 ], [ -77.235147607999977, 0.364078024000037 ], [ -77.234320125999943, 0.363479262000055 ], [ -77.233389507999959, 0.362562152000066 ], [ -77.233178617999954, 0.362468269000033 ], [ -77.232424241, 0.362132437000071 ], [ -77.232231198999955, 0.36204649900003 ], [ -77.231566918999988, 0.361979714000029 ], [ -77.231403065999984, 0.361963241000069 ], [ -77.230052505999936, 0.361827460000029 ], [ -77.228173030999983, 0.362172159000067 ], [ -77.225154578999934, 0.363033320000056 ], [ -77.221110776999978, 0.363608143000022 ], [ -77.220386219999966, 0.363638170000058 ], [ -77.21892803999998, 0.363698600000021 ], [ -77.218319877999988, 0.363723803000028 ], [ -77.215573905999975, 0.364112775000024 ], [ -77.215073424999957, 0.364183669000056 ], [ -77.210403238999959, 0.365332129000024 ], [ -77.203969411999935, 0.367914112000051 ], [ -77.203967809999938, 0.367914755000072 ], [ -77.201348120999967, 0.369119854000076 ], [ -77.201146562999952, 0.369290848000048 ], [ -77.201025476999973, 0.369393574000071 ], [ -77.200266219999946, 0.370037704000026 ], [ -77.199754030999941, 0.371299405000059 ], [ -77.199697535999974, 0.372618284000055 ], [ -77.198900654999989, 0.374166798000033 ], [ -77.198351085999946, 0.374785592000023 ], [ -77.197514338999952, 0.375727738000023 ], [ -77.196964813999955, 0.37634648300002 ], [ -77.194849802999954, 0.378274311000041 ], [ -77.194573299999945, 0.378526342000043 ], [ -77.193730937999987, 0.378820895000047 ], [ -77.19300592899998, 0.379074413000069 ], [ -77.191782632999946, 0.379502169000034 ], [ -77.188992103999965, 0.380879397000058 ], [ -77.187769172999936, 0.381495525000048 ], [ -77.187511416999939, 0.381625386000053 ], [ -77.18747424299994, 0.381709671000067 ], [ -77.186848277999957, 0.380598960000043 ], [ -77.173793546999946, 0.368674414000054 ], [ -77.158586431999936, 0.368008363000058 ], [ -77.114532090999944, 0.321133214000042 ], [ -77.116706835999935, 0.311837511000022 ], [ -77.115328401999989, 0.311117563000039 ], [ -77.096710682999969, 0.30181903700003 ], [ -77.091127657999948, 0.306393827000022 ], [ -77.09112756899998, 0.306397296000057 ], [ -77.091125957999964, 0.306395674000044 ], [ -77.091261159999988, 0.305876750000039 ], [ -77.091282053999976, 0.305656214000066 ], [ -77.091299750999951, 0.305542702000025 ], [ -77.091377007999938, 0.305247564000069 ], [ -77.09149617199995, 0.305095114000039 ], [ -77.091625016999956, 0.305025362000038 ], [ -77.091721655999947, 0.304996154000037 ], [ -77.092201621999948, 0.304842013000041 ], [ -77.092311141999971, 0.304798209000069 ], [ -77.092359461999934, 0.304785227000025 ], [ -77.092473810999934, 0.304720343000042 ], [ -77.092588160999981, 0.304665187000069 ], [ -77.092602657999976, 0.304665184000044 ], [ -77.092696063999938, 0.304580846000022 ], [ -77.092766911999945, 0.304468944000064 ], [ -77.092816823999954, 0.304355426000029 ], [ -77.092850626999962, 0.30423866700005 ], [ -77.092840945999967, 0.304151104000027 ], [ -77.092842551, 0.304125159000023 ], [ -77.092805479999981, 0.303993821000063 ], [ -77.09277321899998, 0.303753837000045 ], [ -77.092716817999985, 0.303622502000053 ], [ -77.092589529999941, 0.303414967000037 ], [ -77.092467098999975, 0.303330671000026 ], [ -77.092431659999988, 0.303311219000022 ], [ -77.092315680999945, 0.303277189000028 ], [ -77.092220646999976, 0.303270721000047 ], [ -77.092186820999984, 0.303264241000022 ], [ -77.092141721999951, 0.303270736000059 ], [ -77.092082124999934, 0.303270748000045 ], [ -77.092011257999957, 0.303288598000051 ], [ -77.091935557999989, 0.30331131600002 ], [ -77.091895289999968, 0.303311324000049 ], [ -77.091824418999977, 0.303322688000037 ], [ -77.091650460999972, 0.303321101000051 ], [ -77.091534488999969, 0.30332274400007 ], [ -77.091394351999952, 0.303298448000021 ], [ -77.091165612999987, 0.303212549000023 ], [ -77.091139838999936, 0.303210933000059 ], [ -77.091089883999985, 0.303084462000072 ], [ -77.091059259999952, 0.302977445000067 ], [ -77.091057626999941, 0.302863936000051 ], [ -77.091075327999988, 0.302779612000052 ], [ -77.091123613999969, 0.302591503000031 ], [ -77.091208953999967, 0.302442302000031 ], [ -77.091429549999987, 0.302057950000062 ], [ -77.091592180999953, 0.301788741000053 ], [ -77.091869153999937, 0.301410864000047 ], [ -77.091989917999967, 0.301201660000061 ], [ -77.091978592999965, 0.300935727000024 ], [ -77.091981790999967, 0.300807623000026 ], [ -77.091989810999962, 0.300638979000041 ], [ -77.092002674999947, 0.300522225000066 ], [ -77.092031619999943, 0.300274121000029 ], [ -77.092067013999952, 0.300053583000022 ], [ -77.092079875999957, 0.299927099000058 ], [ -77.092112064999981, 0.299789261000058 ], [ -77.092211864999967, 0.299450336000064 ], [ -77.092305225999951, 0.299127628000065 ], [ -77.092435609999939, 0.298683297000025 ], [ -77.092551516999947, 0.298337883000045 ], [ -77.09262074999998, 0.298193551000054 ], [ -77.092702871999961, 0.298057325000059 ], [ -77.092788216999963, 0.297930828000062 ], [ -77.093041042999971, 0.29762592700007 ], [ -77.093261669999947, 0.297403731000031 ], [ -77.093469419999963, 0.297225321000042 ], [ -77.093830163999939, 0.296926886000051 ], [ -77.093878475999986, 0.296876608000048 ], [ -77.093936448999955, 0.296808492000025 ], [ -77.094160305999935, 0.29662683600003 ], [ -77.094319746999986, 0.296516539000038 ], [ -77.094351956999958, 0.296497074000058 ], [ -77.094459854999968, 0.296391653000057 ], [ -77.094567758999972, 0.296315419000052 ], [ -77.094704647999947, 0.29620026300006 ], [ -77.094807720999938, 0.296132138000075 ], [ -77.095015485999966, 0.296029941000029 ], [ -77.095137888999943, 0.295965055000067 ], [ -77.09533437999994, 0.295879076000062 ], [ -77.095621064999989, 0.29575578400005 ], [ -77.095890034999968, 0.295647088000067 ], [ -77.096026930999983, 0.295567605000031 ], [ -77.096076855999968, 0.295528679000029 ], [ -77.096112288999961, 0.295510836000062 ], [ -77.096225015999948, 0.295395684000027 ], [ -77.096511654999972, 0.295027537000067 ], [ -77.096572843, 0.294930233000059 ], [ -77.096614710999972, 0.294865362000053 ], [ -77.096770895999953, 0.294566967000037 ], [ -77.096798262999982, 0.294485885000029 ], [ -77.096930246999989, 0.293986421000056 ], [ -77.096970479999982, 0.29379020600004 ], [ -77.097073475999935, 0.293315072000041 ], [ -77.097113716999957, 0.293172369000047 ], [ -77.097128187999942, 0.293032912000058 ], [ -77.097158758999967, 0.29285453600005 ], [ -77.09721828499994, 0.292475082000067 ], [ -77.097245640999972, 0.292334002000075 ], [ -77.09726655299994, 0.292179950000047 ], [ -77.097367964999989, 0.291849134000074 ], [ -77.097504855999944, 0.291740465000032 ], [ -77.097569275999945, 0.291686942000069 ], [ -77.098076638999942, 0.291626849000068 ], [ -77.098126570999966, 0.291623597000068 ], [ -77.098295686999961, 0.291574918000038 ], [ -77.098324679999962, 0.291574913000034 ], [ -77.098540510999953, 0.291550550000068 ], [ -77.098846542, 0.291519682000057 ], [ -77.099099420999949, 0.291506663000064 ], [ -77.099397399999987, 0.291485526000031 ], [ -77.099529471999972, 0.291446585000074 ], [ -77.099766236999983, 0.291394651000076 ], [ -77.100025561999985, 0.291396223000049 ], [ -77.100296158999981, 0.291378336000037 ], [ -77.100594133999948, 0.291339362000031 ], [ -77.101043538999988, 0.291425219000075 ], [ -77.101318979999974, 0.29148192200006 ], [ -77.101475220999987, 0.291493244000037 ], [ -77.101565422999954, 0.291499713000064 ], [ -77.101629852999963, 0.291506187000039 ], [ -77.101940728999978, 0.291558018000046 ], [ -77.101982608999947, 0.29155963200003 ], [ -77.102071211999942, 0.291630963000046 ], [ -77.102182356999947, 0.291671481000037 ], [ -77.102309610999953, 0.29171199600006 ], [ -77.102438476999964, 0.291763861000049 ], [ -77.10255607199997, 0.291823836000049 ], [ -77.102697827999975, 0.291904887000044 ], [ -77.102839593999988, 0.292024854000033 ], [ -77.102936252999939, 0.292112399000075 ], [ -77.102970081999956, 0.292133474000025 ], [ -77.103292263999947, 0.292350699000053 ], [ -77.103350256999988, 0.292387984000072 ], [ -77.103379253999947, 0.29241554500004 ], [ -77.103503290999981, 0.292477140000074 ], [ -77.103651492999973, 0.292567918000032 ], [ -77.103767479999988, 0.292653838000035 ], [ -77.10383675099996, 0.29271544300002 ], [ -77.103875415999937, 0.292754353000021 ], [ -77.104004288999988, 0.292840270000056 ], [ -77.104171818999987, 0.292922938000061 ], [ -77.104402173999972, 0.293050997000023 ], [ -77.104505268999958, 0.293110974000058 ], [ -77.104671189999976, 0.293196885000043 ], [ -77.104721127999937, 0.293235792000075 ], [ -77.104751735999969, 0.293255244000022 ], [ -77.104832284999986, 0.293331442000067 ], [ -77.104988547999938, 0.293453029000034 ], [ -77.105077152999968, 0.293542196000033 ], [ -77.105188310999949, 0.293641089000062 ], [ -77.105247919999954, 0.293709183000033 ], [ -77.105338137, 0.293806458000063 ], [ -77.105444462999969, 0.293906974000038 ], [ -77.10567322299994, 0.294114488000048 ], [ -77.10579082299995, 0.294221487000073 ], [ -77.105839154999956, 0.294270124000036 ], [ -77.105882648999966, 0.294297682000035 ], [ -77.105900370999962, 0.294318759000021 ], [ -77.106001855999978, 0.294381979000036 ], [ -77.106266047999952, 0.294565163000073 ], [ -77.106296655999984, 0.294591102000027 ], [ -77.106409422999945, 0.294681887000024 ], [ -77.106570518999945, 0.294826174000036 ], [ -77.106638179999948, 0.294878051000069 ], [ -77.106796053999972, 0.295002879000037 ], [ -77.107019973999968, 0.295177962000025 ], [ -77.10712790499997, 0.295247668000059 ], [ -77.107203616999982, 0.295297921000042 ], [ -77.10724227999998, 0.295328724000058 ], [ -77.107350212999961, 0.295413022000048 ], [ -77.107543531999966, 0.295591356000045 ], [ -77.107649852999941, 0.29567079100002 ], [ -77.107944668999949, 0.295970719000024 ], [ -77.108018772999969, 0.296033944000044 ], [ -77.108181479999985, 0.296174988000075 ], [ -77.108349019999935, 0.296312787000033 ], [ -77.108390908999979, 0.29635980300003 ], [ -77.108532679999939, 0.296510578000039 ], [ -77.108666396999979, 0.29666297700004 ], [ -77.108854891999954, 0.296886714000038 ], [ -77.108962833999954, 0.297018038000033 ], [ -77.109481637999977, 0.297849787000075 ], [ -77.109560587999965, 0.297977874000026 ], [ -77.109613756999977, 0.298063805000027 ], [ -77.109649205999972, 0.29813838900003 ], [ -77.109662095999965, 0.298162709000053 ], [ -77.109670156999982, 0.29819513800004 ], [ -77.109832897, 0.298506442000075 ], [ -77.109921507999957, 0.298629662000053 ], [ -77.109990794999987, 0.298756129000026 ], [ -77.110027850999984, 0.298808011000062 ], [ -77.110034710999969, 0.298817218000067 ], [ -77.110056848999989, 0.298846923000042 ], [ -77.110139021999942, 0.298978251000051 ], [ -77.110772233999967, 0.300056450000056 ], [ -77.110923688999947, 0.300314245000038 ], [ -77.11111544299996, 0.300722835000045 ], [ -77.111150563999956, 0.300798204000046 ], [ -77.111379502999966, 0.301194450000025 ], [ -77.111439298999983, 0.301269230000059 ], [ -77.111523073999933, 0.301371370000027 ], [ -77.111559158999967, 0.301419524000039 ], [ -77.111597185999983, 0.301470270000038 ], [ -77.111682577999943, 0.301590246000046 ], [ -77.111726072999943, 0.301629155000057 ], [ -77.111875893999979, 0.301766956000051 ], [ -77.111912945999961, 0.301792893000027 ], [ -77.112043430999961, 0.301880431000029 ], [ -77.112157805999971, 0.301959864000025 ], [ -77.112251235999963, 0.302013356000032 ], [ -77.112386546999971, 0.302076570000054 ], [ -77.112521854999954, 0.302118703000076 ], [ -77.112943875999974, 0.302206183000067 ], [ -77.113214481999989, 0.302248291000069 ], [ -77.113304679999942, 0.302241786000025 ], [ -77.113356222999982, 0.30224015400006 ], [ -77.113528566999946, 0.302238499000055 ], [ -77.113683193999975, 0.302233604000037 ], [ -77.113966671999947, 0.30221246900004 ], [ -77.114187336999976, 0.302207561000046 ], [ -77.114440209999941, 0.302163730000075 ], [ -77.114887970999973, 0.302100402000065 ], [ -77.115437197999938, 0.301981923000028 ], [ -77.115714220999962, 0.301892684000052 ], [ -77.115886549999971, 0.301813196000069 ], [ -77.116004121999936, 0.301771013000064 ], [ -77.116076600999975, 0.301749919000031 ], [ -77.116160346999948, 0.301706120000063 ], [ -77.116281139999955, 0.301644479000061 ], [ -77.116350388999933, 0.301600685000039 ], [ -77.11657747299995, 0.301464431000056 ], [ -77.116712741999947, 0.301323332000038 ], [ -77.116999395999983, 0.301055722000058 ], [ -77.117112124999949, 0.300955166000051 ], [ -77.117234512999971, 0.300822177000043 ], [ -77.117358510999964, 0.300692430000026 ], [ -77.117463185999952, 0.300587010000072 ], [ -77.117653207999979, 0.300376174000064 ], [ -77.117959176999989, 0.30004370000006 ], [ -77.118154034999975, 0.299862051000048 ], [ -77.118395591999956, 0.299607425000033 ], [ -77.118463219999967, 0.299497147000068 ], [ -77.118503474999955, 0.299440386000072 ], [ -77.118555004999962, 0.299375515000065 ], [ -77.118635520999987, 0.299268478000045 ], [ -77.11875790299996, 0.29911603000005 ], [ -77.118865791999951, 0.298968451000064 ], [ -77.118952745999934, 0.298846819000062 ], [ -77.11903164499995, 0.298721947000047 ], [ -77.119113770999945, 0.298619774000031 ], [ -77.119326336999961, 0.298374882000076 ], [ -77.119414907999953, 0.298288924000076 ], [ -77.119487374999949, 0.298207833000049 ], [ -77.119577553999989, 0.298105660000033 ], [ -77.119635526999957, 0.298045652000042 ], [ -77.11969993799994, 0.297951591000071 ], [ -77.119844861999979, 0.297752115000037 ], [ -77.119997837999961, 0.297547773000019 ], [ -77.120118612999988, 0.297403433000056 ], [ -77.120218453999939, 0.297286665000058 ], [ -77.120414924999977, 0.297108258000037 ], [ -77.12067256499995, 0.296743365000054 ], [ -77.120674182999949, 0.296777417000044 ], [ -77.120674116999965, 0.296778147000055 ], [ -77.120700125999974, 0.296659876000035 ], [ -77.121035672999938, 0.295856692000029 ], [ -77.121331385999952, 0.295277824000038 ], [ -77.121520730999976, 0.294973283000047 ], [ -77.12163374499994, 0.29467879300006 ], [ -77.121690189999981, 0.294454564000034 ], [ -77.121680202999983, 0.294350865000069 ], [ -77.121623676999945, 0.294150073000026 ], [ -77.121567078999988, 0.294046381000044 ], [ -77.121380955999939, 0.293815507000033 ], [ -77.121334374999947, 0.293497632000026 ], [ -77.121297744999936, 0.293072706000032 ], [ -77.121331882999982, 0.292177089000063 ], [ -77.121424862999959, 0.291855841000029 ], [ -77.121501342999977, 0.291661713000053 ], [ -77.121654142999944, 0.291377252000075 ], [ -77.121833623999976, 0.291149653000048 ], [ -77.122182556999974, 0.290848520000054 ], [ -77.122564670999964, 0.290282927000021 ], [ -77.122717500999954, 0.290169162000041 ], [ -77.122817272999953, 0.290148982000062 ], [ -77.122903926999982, 0.290098517000047 ], [ -77.122990397999956, 0.290028432000042 ], [ -77.12313297999998, 0.289857890000064 ], [ -77.12332566799995, 0.289657051000063 ], [ -77.12348523299994, 0.289536595000072 ], [ -77.123711159999971, 0.289397591000068 ], [ -77.124070069999959, 0.289131535000024 ], [ -77.124552014999949, 0.288873864000038 ], [ -77.125196776999985, 0.288606037000022 ], [ -77.125482617999978, 0.288535735000039 ], [ -77.125856565999982, 0.288494438000043 ], [ -77.126279711999985, 0.288376373000062 ], [ -77.126828600999943, 0.288321572000029 ], [ -77.127037314999939, 0.288338801000066 ], [ -77.127500457999986, 0.288402002000055 ], [ -77.127750495999976, 0.288485042000048 ], [ -77.127982754999948, 0.288594487000069 ], [ -77.128226705999964, 0.288792260000037 ], [ -77.128870538999934, 0.289331075000064 ], [ -77.129321270999981, 0.289777800000024 ], [ -77.129521143999966, 0.290074490000052 ], [ -77.130063394, 0.291032739000059 ], [ -77.130630955999948, 0.291918926000051 ], [ -77.130900450999945, 0.292328705000045 ], [ -77.131371532999935, 0.293055064000043 ], [ -77.131898226999965, 0.293902923000076 ], [ -77.132334447999938, 0.294556506000049 ], [ -77.132606001999989, 0.294917915000042 ], [ -77.133445493999943, 0.29577981500006 ], [ -77.134190951999983, 0.296601684000052 ], [ -77.135153375999948, 0.297860097000068 ], [ -77.135475339999971, 0.298371575000033 ], [ -77.135732846999986, 0.298548911000069 ], [ -77.136153001999958, 0.298773950000054 ], [ -77.137491330999978, 0.299435401000039 ], [ -77.138352033, 0.299912688000063 ], [ -77.139182090999952, 0.300284292000072 ], [ -77.139473511999938, 0.300284236000039 ], [ -77.139785128999961, 0.300239873000066 ], [ -77.140459347999979, 0.300011184000027 ], [ -77.140876013999957, 0.299830374000067 ], [ -77.141279109999971, 0.299618827000074 ], [ -77.141489046999936, 0.299459936000062 ], [ -77.142095480999956, 0.298875138000028 ], [ -77.142579780999938, 0.298291810000023 ], [ -77.143013332999942, 0.297664102000056 ], [ -77.143301231999942, 0.297101335000036 ], [ -77.14352138299995, 0.296831782000027 ], [ -77.143751693999945, 0.296616924000034 ], [ -77.144009133999987, 0.296439490000068 ], [ -77.14447660899998, 0.296159761000069 ], [ -77.144683301999976, 0.295951600000024 ], [ -77.144788220999942, 0.295624205000024 ], [ -77.144781465999984, 0.295515083000055 ], [ -77.144720427999971, 0.295197848000043 ], [ -77.144506742999965, 0.294058727000049 ], [ -77.144547364999937, 0.29373812700004 ], [ -77.144611603999977, 0.293417523000073 ], [ -77.144709797999951, 0.293130996000059 ], [ -77.144893009999976, 0.292712454000025 ], [ -77.145014649999951, 0.29244879700002 ], [ -77.145316046999937, 0.292029239000044 ], [ -77.145410866999953, 0.291950745000065 ], [ -77.145498957999962, 0.29191320800004 ], [ -77.145705592999946, 0.291872213000033 ], [ -77.145915654999953, 0.291906349000044 ], [ -77.146244362999937, 0.292015409000044 ], [ -77.146545861999982, 0.292124476000026 ], [ -77.147101538999948, 0.292397226000048 ], [ -77.147531824999987, 0.292547224000032 ], [ -77.148053643999958, 0.292813108000075 ], [ -77.148558470999944, 0.292976743000054 ], [ -77.148985351999954, 0.293171132000055 ], [ -77.149822222999944, 0.293518867000046 ], [ -77.151773809999952, 0.294146022000064 ], [ -77.151977040999952, 0.294159634000039 ], [ -77.152393831999973, 0.29418342200006 ], [ -77.152630915999964, 0.294169724000028 ], [ -77.153169642999956, 0.294104798000035 ], [ -77.154047005999985, 0.293937551000056 ], [ -77.154152068999963, 0.293886360000045 ], [ -77.155022646999953, 0.293463259000021 ], [ -77.156435193999982, 0.292542082000068 ], [ -77.157322697999973, 0.291866648000052 ], [ -77.157670704999987, 0.291464804000043 ], [ -77.157797380999966, 0.291258557000049 ], [ -77.157947565999962, 0.290951319000044 ], [ -77.158006879999959, 0.29070684200002 ], [ -77.158064380999974, 0.290365809000036 ], [ -77.158077875999936, 0.290017913000042 ], [ -77.158054106999941, 0.289690456000073 ], [ -77.158047343999954, 0.289547251000045 ], [ -77.157974364999973, 0.289236530000039 ], [ -77.157935865999946, 0.289089262000061 ], [ -77.157939171999942, 0.28907844400004 ], [ -77.157962555999973, 0.289001921000022 ], [ -77.158060790999969, 0.288943951000022 ], [ -77.158240307999961, 0.288926829000047 ], [ -77.158282453999959, 0.288940447000073 ], [ -77.158419837999986, 0.288984837000044 ], [ -77.15852492199997, 0.289052985000069 ], [ -77.158596064999983, 0.289141663000066 ], [ -77.158627967999962, 0.289194861000055 ], [ -77.158704492999959, 0.289322460000051 ], [ -77.158745193999948, 0.289428140000041 ], [ -77.158846915999959, 0.289762363000023 ], [ -77.15888081199995, 0.28997038600005 ], [ -77.158891002999951, 0.290195502000074 ], [ -77.158874156999957, 0.29040019100006 ], [ -77.158802984999966, 0.290632103000064 ], [ -77.158687914999973, 0.290942499000039 ], [ -77.158684521999987, 0.29105505800004 ], [ -77.158687956999984, 0.291164182000045 ], [ -77.158755705999965, 0.291361982000069 ], [ -77.158813373999976, 0.291437011000028 ], [ -77.158891248999964, 0.291508599000053 ], [ -77.158975943999963, 0.291556319000051 ], [ -77.159267377999981, 0.291644954000049 ], [ -77.160774977999949, 0.291907303000073 ], [ -77.161317038999982, 0.29191406800004 ], [ -77.161821826999983, 0.291890014000046 ], [ -77.162052271999983, 0.291927489000045 ], [ -77.162157262999983, 0.291985512000053 ], [ -77.162231821999967, 0.292091184000071 ], [ -77.162286102999985, 0.292295860000024 ], [ -77.162275902999966, 0.29249367500006 ], [ -77.162245479999967, 0.292606240000055 ], [ -77.162191255999971, 0.292698286000075 ], [ -77.162049046999982, 0.292916649000063 ], [ -77.161964404999935, 0.293141694000042 ], [ -77.161818861999961, 0.293769338000061 ], [ -77.161835766999957, 0.293885329000034 ], [ -77.161869638999974, 0.293977358000063 ], [ -77.161920486999975, 0.294072820000054 ], [ -77.162062851999963, 0.294195657000046 ], [ -77.162213372999986, 0.294244810000066 ], [ -77.162459256999966, 0.294243317000053 ], [ -77.16264549999994, 0.294178457000044 ], [ -77.162970721999955, 0.293915757000036 ], [ -77.163184175999959, 0.293857765000041 ], [ -77.163384072999975, 0.293816771000024 ], [ -77.163739969999938, 0.293835959000035 ], [ -77.164078524999979, 0.293789334000053 ], [ -77.164854268999989, 0.293386774000055 ], [ -77.16509139599998, 0.293147961000045 ], [ -77.16512864799995, 0.293059262000043 ], [ -77.165135364999969, 0.292963790000044 ], [ -77.165074242999935, 0.292203197000049 ], [ -77.164945478999982, 0.291817809000065 ], [ -77.164938628999948, 0.29167116900004 ], [ -77.164945424999985, 0.291527961000043 ], [ -77.164928287999942, 0.290654799000038 ], [ -77.164962081999988, 0.290330770000025 ], [ -77.164965474999974, 0.290221645000031 ], [ -77.164904459999946, 0.290027279000071 ], [ -77.164840054999956, 0.289941946000056 ], [ -77.164670652999973, 0.289778340000055 ], [ -77.164572398999951, 0.289730622000036 ], [ -77.164460584999972, 0.289696469000035 ], [ -77.164247115999956, 0.289672643000074 ], [ -77.164135314999953, 0.289699967000047 ], [ -77.163911806999977, 0.28978870100002 ], [ -77.163745775999985, 0.289884204000032 ], [ -77.163498499999946, 0.290116148000038 ], [ -77.163271581999936, 0.290208318000055 ], [ -77.16315977499994, 0.290208340000049 ], [ -77.163061522999953, 0.290177710000023 ], [ -77.162980151999989, 0.290133334000075 ], [ -77.162905603999945, 0.290075397000066 ], [ -77.162739613999975, 0.289911699000072 ], [ -77.162685352999972, 0.289819582000064 ], [ -77.162265125999966, 0.289171704000069 ], [ -77.161973739999951, 0.288851080000029 ], [ -77.161946603, 0.288762486000053 ], [ -77.161939850999943, 0.288673796000069 ], [ -77.162021115999949, 0.288626045000058 ], [ -77.162132918999987, 0.288605501000063 ], [ -77.162315856999953, 0.288636205000046 ], [ -77.163508364999984, 0.288618891000056 ], [ -77.163860763999935, 0.288642692000053 ], [ -77.164040272999955, 0.288591487000076 ], [ -77.164189323999949, 0.288458468000044 ], [ -77.164328219999959, 0.288304929000049 ], [ -77.164524663999941, 0.288035473000036 ], [ -77.164748187999976, 0.287561329000027 ], [ -77.164785417999951, 0.28735672800002 ], [ -77.164819215999955, 0.28705313100005 ], [ -77.164805609999974, 0.286807583000041 ], [ -77.164798857999983, 0.286715550000054 ], [ -77.164764894999962, 0.286623429000031 ], [ -77.164545271999941, 0.285864041000025 ], [ -77.164517359999934, 0.285477459000049 ], [ -77.164554596999949, 0.285296725000023 ], [ -77.164649480999969, 0.28508180700004 ], [ -77.164849226999934, 0.284720316000062 ], [ -77.16493057699995, 0.284652042000062 ], [ -77.165021990999946, 0.284614506000025 ], [ -77.165116911999974, 0.284604272000024 ], [ -77.165330293999943, 0.284638315000052 ], [ -77.165418399999965, 0.284692906000032 ], [ -77.165465832999985, 0.284778152000058 ], [ -77.165482827999938, 0.284887271000059 ], [ -77.165469311999971, 0.285126043000048 ], [ -77.165462673999969, 0.285654661000024 ], [ -77.16545683399994, 0.286120356000026 ], [ -77.165514521999967, 0.286305050000067 ], [ -77.165635604999977, 0.286452755000028 ], [ -77.166045533999977, 0.286790353000072 ], [ -77.166316628999937, 0.287127885000075 ], [ -77.166536864999955, 0.287329094000029 ], [ -77.166790771999956, 0.287482287000046 ], [ -77.166892706999988, 0.287523403000023 ], [ -77.16710950099997, 0.287554100000023 ], [ -77.167350000999988, 0.287584794000054 ], [ -77.167480379999972, 0.28756498100006 ], [ -77.167665113999988, 0.28753690800005 ], [ -77.167746374999979, 0.287475505000032 ], [ -77.168098720999978, 0.287226455000052 ], [ -77.168220644999963, 0.287076444000036 ], [ -77.168417089999934, 0.286823988000037 ], [ -77.168989426999985, 0.285950716000059 ], [ -77.169273946999965, 0.285565253000073 ], [ -77.169548348999967, 0.285357172000033 ], [ -77.169866767999963, 0.285224122000045 ], [ -77.170107348999977, 0.285196773000052 ], [ -77.170337703999962, 0.285241031000055 ], [ -77.170524063999949, 0.285326339000051 ], [ -77.170696867999936, 0.285442212000021 ], [ -77.170818852999957, 0.285616134000065 ], [ -77.170893421999949, 0.285786629000029 ], [ -77.170913741999982, 0.285909489000062 ], [ -77.170910350999975, 0.286032264000028 ], [ -77.170869779999975, 0.28613795800004 ], [ -77.170774892999987, 0.28632213800006 ], [ -77.170649645999958, 0.286479109000027 ], [ -77.170124592999969, 0.287130599000022 ], [ -77.170039950999978, 0.287362512000072 ], [ -77.169999308999934, 0.287573984000062 ], [ -77.170012886999984, 0.287666108000053 ], [ -77.170043440999962, 0.287771789000033 ], [ -77.170131596999965, 0.28808557900004 ], [ -77.170246759999941, 0.288266374000045 ], [ -77.170338284999957, 0.288351611000053 ], [ -77.170507681999936, 0.288488005000033 ], [ -77.17065335999996, 0.288573231000044 ], [ -77.170829569999967, 0.288651582000057 ], [ -77.171053192999977, 0.288712926000073 ], [ -77.171361499999989, 0.288764038000068 ], [ -77.171486862999984, 0.288747017000048 ], [ -77.171700224999938, 0.288678718000028 ], [ -77.171876395999959, 0.288552475000074 ], [ -77.171991581999976, 0.288378508000051 ], [ -77.172022002999938, 0.288266035000049 ], [ -77.172015244999955, 0.288139827000066 ], [ -77.171933835999937, 0.287894204000054 ], [ -77.171954159999984, 0.287566834000074 ], [ -77.172015100999943, 0.287372443000038 ], [ -77.172116723999977, 0.287191608000057 ], [ -77.172197990999962, 0.287150638000071 ], [ -77.172289405999948, 0.287133624000035 ], [ -77.172401215999969, 0.287147254000047 ], [ -77.172489318999965, 0.28717454100007 ], [ -77.172651969999947, 0.287269982000055 ], [ -77.173312632999966, 0.287617746000024 ], [ -77.173688752999965, 0.287730231000069 ], [ -77.173908946999973, 0.287709667000058 ], [ -77.174034305999953, 0.287665343000072 ], [ -77.174157049999963, 0.287573104000046 ], [ -77.174833761999935, 0.287310520000062 ], [ -77.175016668999945, 0.287187622000033 ], [ -77.17527016799994, 0.287103856000044 ], [ -77.175450310999963, 0.287078417000032 ], [ -77.175667101999977, 0.287112461000049 ], [ -77.175877163999985, 0.287167027000066 ], [ -77.176066934999938, 0.287252246000037 ], [ -77.176103071999989, 0.28727892400002 ], [ -77.17614154499995, 0.287307328000054 ], [ -77.176186031999976, 0.287291427000071 ], [ -77.176460264999946, 0.287193405000039 ], [ -77.194043352999984, 0.250995084000067 ], [ -77.194589037999947, 0.24987171600003 ], [ -77.194778842999938, 0.250199137000038 ], [ -77.194873734999987, 0.250567438000076 ], [ -77.194873763999965, 0.250744816000065 ], [ -77.194765387999951, 0.250840304000064 ], [ -77.194534957999963, 0.250853994000067 ], [ -77.194440141999962, 0.250949479000042 ], [ -77.194426598999939, 0.25104495000005 ], [ -77.194426615999987, 0.251154162000034 ], [ -77.194494451999958, 0.251372391000075 ], [ -77.194575733999955, 0.251426984000034 ], [ -77.195334670999955, 0.251535978000049 ], [ -77.195600404999936, 0.251601748000041 ], [ -77.195898371999988, 0.251624933000073 ], [ -77.196120632999964, 0.251617663000047 ], [ -77.196649131999948, 0.251699482000049 ], [ -77.196757531999936, 0.251753980000046 ], [ -77.197069265999971, 0.251944957000035 ], [ -77.197435161999977, 0.25219043900006 ], [ -77.197570695999957, 0.252326839000034 ], [ -77.197584271999972, 0.252422306000028 ], [ -77.197624991999987, 0.252667933000055 ], [ -77.197733433999986, 0.252967975000047 ], [ -77.197855391999951, 0.253008907000037 ], [ -77.197936656999957, 0.252967940000076 ], [ -77.198045123999975, 0.252886104000027 ], [ -77.198275440999964, 0.252735991000065 ], [ -77.198370271999977, 0.252735974000075 ], [ -77.19847866899994, 0.252776910000023 ], [ -77.198587166999971, 0.252872360000026 ], [ -77.198653644, 0.253017452000051 ], [ -77.201626670999985, 0.252463921000071 ], [ -77.202085196999974, 0.252378551000049 ], [ -77.204272255999967, 0.25197135600007 ], [ -77.204954409999971, 0.251844349000066 ], [ -77.205161313999952, 0.251758813000038 ], [ -77.205925284999978, 0.251442980000036 ], [ -77.208359388999952, 0.250436702000059 ], [ -77.208670217999952, 0.250308203000031 ], [ -77.210361301999967, 0.249609095000039 ], [ -77.211321632999955, 0.249212087000046 ], [ -77.213519472999963, 0.247906441000055 ], [ -77.214214059999961, 0.247493816000031 ], [ -77.215726046999976, 0.246595609000053 ], [ -77.218523552999955, 0.244933730000071 ], [ -77.219380225999942, 0.244424817000038 ], [ -77.220348528999978, 0.243849592000061 ], [ -77.221632369999952, 0.243086918000074 ], [ -77.224052356999948, 0.241363701000068 ], [ -77.226336240999956, 0.239737403000049 ], [ -77.232940891999988, 0.236578955000027 ], [ -77.234752201999981, 0.235863626000025 ], [ -77.23556677299996, 0.235541935000072 ], [ -77.246874056999957, 0.231076444000053 ], [ -77.248573582999938, 0.230405265000059 ], [ -77.254181116999973, 0.229464318000055 ], [ -77.256399423999937, 0.229092086000037 ], [ -77.265600724999956, 0.22903438700007 ], [ -77.273784042999978, 0.230074628000068 ], [ -77.274395719999973, 0.230702161000067 ], [ -77.274929422999946, 0.231282754000063 ], [ -77.275740636999956, 0.232228889000055 ], [ -77.276808125999935, 0.233089103000054 ], [ -77.277043029999959, 0.233067669000036 ], [ -77.277833166999983, 0.232981891000065 ], [ -77.278409644999954, 0.233326018000071 ], [ -77.278804445999981, 0.234272045000068 ], [ -77.27897515899997, 0.234723553000038 ], [ -77.27950879499997, 0.235562130000062 ], [ -77.279572678999955, 0.236228591000042 ], [ -77.27942300999996, 0.236916492000034 ], [ -77.278910291999978, 0.237690286000031 ], [ -77.278777796999975, 0.23799321100006 ], [ -77.278675246999967, 0.238227675000076 ], [ -77.278675027999952, 0.239023107000037 ], [ -77.278952464999975, 0.239646633000064 ], [ -77.279699816999937, 0.239840325000046 ], [ -77.280692711999961, 0.240163076000044 ], [ -77.281375954999987, 0.240528737000034 ], [ -77.281973686999947, 0.241238347000035 ], [ -77.28195216499995, 0.241840291000074 ], [ -77.281866585999978, 0.242420720000041 ], [ -77.282037343999946, 0.242700246000027 ], [ -77.282507070999941, 0.242958358000067 ], [ -77.283361206999984, 0.243130586000063 ], [ -77.28393777399998, 0.243152247000069 ], [ -77.284640791999948, 0.242723578000039 ], [ -77.284642595999969, 0.242722479000065 ], [ -77.285176669999942, 0.241970187000049 ], [ -77.285561474999952, 0.240443913000036 ], [ -77.285988878999945, 0.239304619000052 ], [ -77.286287886999958, 0.239154215000042 ], [ -77.286630686999956, 0.239085292000027 ], [ -77.286928561999957, 0.239025403000028 ], [ -77.287654541999984, 0.239305083000033 ], [ -77.288188220999984, 0.239993180000056 ], [ -77.288486906999935, 0.24100369000007 ], [ -77.288700227999982, 0.241820690000054 ], [ -77.288988416999985, 0.242186244000038 ], [ -77.289458214999968, 0.24220787400003 ], [ -77.289906692999978, 0.242100508000021 ], [ -77.291038666999953, 0.241477369000052 ], [ -77.291476237999973, 0.241298553000036 ], [ -77.291722096999933, 0.241198082000039 ], [ -77.292704404999938, 0.241241353000021 ], [ -77.293216836999989, 0.241542476000063 ], [ -77.294476495999959, 0.242531763000045 ], [ -77.295202442999937, 0.242961939000054 ], [ -77.296120587999951, 0.243370670000047 ], [ -77.297305671999936, 0.243779479000068 ], [ -77.298373328999958, 0.244102260000034 ], [ -77.298736272999975, 0.244424843000047 ], [ -77.29937672899996, 0.245112982000023 ], [ -77.300294852999968, 0.245607713000027 ], [ -77.300721875999955, 0.24588731800003 ], [ -77.301319627999987, 0.246553949000031 ], [ -77.302194892999978, 0.247586138000031 ], [ -77.303070411999954, 0.247715382000024 ], [ -77.303454774999977, 0.247822984000038 ], [ -77.303817673999959, 0.248296063000055 ], [ -77.304479610999977, 0.248554239000043 ], [ -77.305707370999983, 0.249113561000058 ], [ -77.30621986899996, 0.249199704000034 ], [ -77.307074069999942, 0.249221449000061 ], [ -77.308013696999978, 0.249221719000047 ], [ -77.308247748999975, 0.249288383000021 ], [ -77.308995954999943, 0.249501488000021 ], [ -77.309266058999981, 0.249595702000022 ], [ -77.309551136999971, 0.249695139000039 ], [ -77.310341212999958, 0.249931854000067 ], [ -77.311067223999942, 0.250168552000048 ], [ -77.312198955999975, 0.250512862000051 ], [ -77.31376839099994, 0.251136787000064 ], [ -77.314280869999948, 0.251308928000071 ], [ -77.315305833999957, 0.251631712000062 ], [ -77.315668900999981, 0.251545821000036 ], [ -77.316309677999982, 0.251137523000068 ], [ -77.316736951999985, 0.250557172000072 ], [ -77.317142715999978, 0.250514290000069 ], [ -77.317591093999965, 0.250815407000061 ], [ -77.318359697999938, 0.251482103000058 ], [ -77.318914934999952, 0.251503763000073 ], [ -77.319406190999985, 0.251224416000071 ], [ -77.320281966999971, 0.250515195000048 ], [ -77.321221833999971, 0.249719995000021 ], [ -77.32210822199994, 0.249247266000054 ], [ -77.322327261999988, 0.249108890000059 ], [ -77.323026672999958, 0.248667050000051 ], [ -77.324030576999974, 0.247979360000045 ], [ -77.324778136999953, 0.247571085000061 ], [ -77.325482858999976, 0.247614285000054 ], [ -77.326187527999934, 0.247850978000031 ], [ -77.326870895999946, 0.247894171000041 ], [ -77.327746555999965, 0.247614929000065 ], [ -77.32894246799998, 0.247636768000064 ], [ -77.330213124999943, 0.247658629000057 ], [ -77.330789723999942, 0.24768029300003 ], [ -77.332156459999965, 0.247788178000064 ], [ -77.332540887999983, 0.247702289000074 ], [ -77.333587423999973, 0.247337095000034 ], [ -77.334612473999982, 0.24744488400006 ], [ -77.33557344999997, 0.247574153000073 ], [ -77.336013853999987, 0.247444972000039 ], [ -77.336598614999957, 0.247273450000023 ], [ -77.33861694999996, 0.246543034000069 ], [ -77.339706213999989, 0.246134847000064 ], [ -77.341607068999963, 0.245511892000025 ], [ -77.342717694999976, 0.245103709000034 ], [ -77.343764114999942, 0.245190001000026 ], [ -77.344618279999963, 0.245469738000054 ], [ -77.345494003999988, 0.245018489000074 ], [ -77.346401684999989, 0.244846744000029 ], [ -77.347277337999969, 0.244653489000029 ], [ -77.348024921999979, 0.244223702000056 ], [ -77.349541231999979, 0.244138125000063 ], [ -77.350694494999971, 0.244030947000056 ], [ -77.351335357999972, 0.243386127000065 ], [ -77.351869369999974, 0.242999277000024 ], [ -77.35253148399994, 0.242741460000047 ], [ -77.353492585999959, 0.242483726000046 ], [ -77.354359680999949, 0.242467495000028 ], [ -77.35462447499998, 0.24246253900003 ], [ -77.356125006999946, 0.242199913000036 ], [ -77.356166324999947, 0.241950769000027 ], [ -77.35650034799994, 0.241614682000034 ], [ -77.356905939999933, 0.241230589000054 ], [ -77.357072997999978, 0.240894455000046 ], [ -77.357134963999954, 0.240880610000033 ], [ -77.35793173199994, 0.240702589000023 ], [ -77.358241875999965, 0.24046254600006 ], [ -77.358337389999974, 0.240078365000045 ], [ -77.357979784999941, 0.239405908000037 ], [ -77.357574478999936, 0.238733438000054 ], [ -77.357383788999982, 0.238253129000043 ], [ -77.357574793999959, 0.237556808000022 ], [ -77.357885129999943, 0.236596380000037 ], [ -77.357980742999985, 0.235827995000022 ], [ -77.358171941999956, 0.234387275000074 ], [ -77.358553755999935, 0.233715017000065 ], [ -77.359054857, 0.232946739000056 ], [ -77.359293699999967, 0.231722146000038 ], [ -77.359253794999972, 0.231405836000022 ], [ -77.359127076999982, 0.230401393000022 ], [ -77.359318131999942, 0.229488952000054 ], [ -77.359271972999977, 0.228929571000037 ], [ -77.359270575999972, 0.228912632000061 ], [ -77.358924945999945, 0.228024065000056 ], [ -77.358877450999955, 0.227207616000044 ], [ -77.359140070999956, 0.226247169000032 ], [ -77.359760469999969, 0.225310826000054 ], [ -77.359903760999941, 0.224614488000043 ], [ -77.359570081999948, 0.223605862000056 ], [ -77.359449755999947, 0.223427248000064 ], [ -77.359117054999956, 0.222933385000033 ], [ -77.359284201999969, 0.222213042000021 ], [ -77.359320108999952, 0.221708782000064 ], [ -77.359511127999951, 0.220892390000074 ], [ -77.35965435199995, 0.220460194000054 ], [ -77.360203037999952, 0.220124152000039 ], [ -77.360368409999978, 0.219838913000046 ], [ -77.360866362999957, 0.220039579000058 ], [ -77.361378934999948, 0.219975208000051 ], [ -77.361806231999935, 0.219287308000048 ], [ -77.362254897999946, 0.218556413000044 ], [ -77.36251131299997, 0.217997472000036 ], [ -77.36300265899996, 0.217395587000055 ], [ -77.363408571999969, 0.216815182000062 ], [ -77.36354218699995, 0.21658831700006 ], [ -77.365158981999969, 0.215750154000034 ], [ -77.367297116999964, 0.215630235000049 ], [ -77.381195506999973, 0.218737250000061 ], [ -77.387669516999949, 0.220290807000026 ], [ -77.397766807999972, 0.224355 ], [ -77.403646913999978, 0.226386933000072 ], [ -77.412200052999935, 0.231108987000027 ], [ -77.418436865999979, 0.235532427000066 ], [ -77.420575436999968, 0.238402 ], [ -77.425149698999974, 0.245037920000073 ], [ -77.427288807999957, 0.250777395000057 ], [ -77.428893129999949, 0.254962409000029 ], [ -77.429075410999985, 0.276008519000072 ], [ -77.429154571999959, 0.276327017000028 ], [ -77.429151513999955, 0.274867037000035 ], [ -77.437483571999962, 0.271477552000022 ], [ -77.437164117999941, 0.276599611000051 ], [ -77.455832432999955, 0.27635375400007 ], [ -77.456673753999951, 0.276595559000043 ], [ -77.456153066999946, 0.27707962900007 ], [ -77.455712634999941, 0.278208964000044 ], [ -77.440970519999951, 0.279502623000042 ], [ -77.440450067999961, 0.281156286000055 ], [ -77.433599707999974, 0.281641694000029 ], [ -77.434682793999968, 0.288457361000042 ], [ -77.436485566999977, 0.288537635000068 ], [ -77.436245596999981, 0.29039289800005 ], [ -77.454272868999965, 0.289663027000074 ], [ -77.454553676999979, 0.291437493000046 ], [ -77.429717961999984, 0.293860056000028 ], [ -77.429733535999958, 0.298848221000071 ], [ -77.430001767999954, 0.299981260000038 ], [ -77.454034729999989, 0.299826277000022 ], [ -77.453994750999982, 0.300189259000035 ], [ -77.454235339999968, 0.301197457000058 ], [ -77.453674715999966, 0.302205839000067 ], [ -77.453674761999935, 0.302407490000064 ], [ -77.453234091999946, 0.30240759000003 ], [ -77.430899872999987, 0.30259224100007 ], [ -77.431575800999951, 0.304049547000034 ], [ -77.434961859999987, 0.307576383000026 ], [ -77.438229154999988, 0.311163018000059 ], [ -77.440664904999949, 0.31439109300004 ], [ -77.442504675999942, 0.318698314000073 ], [ -77.444408361999933, 0.32234221300007 ], [ -77.446309519999943, 0.325151856000048 ], [ -77.449636000999988, 0.327781771000048 ], [ -77.454447107999954, 0.329932990000032 ], [ -77.461574689999964, 0.333279384000036 ], [ -77.465257264999934, 0.335012324000047 ], [ -77.471493700999986, 0.337282697000035 ], [ -77.477017252999985, 0.338775982000072 ], [ -77.479749392999963, 0.339791672000047 ], [ -77.485366245999955, 0.33954026300006 ], [ -77.485926080999945, 0.340866250000033 ], [ -77.487233504999949, 0.344273801000043 ], [ -77.489025586999958, 0.347843838000074 ], [ -77.49153651499995, 0.356739529000038 ], [ -77.493172881999953, 0.359086614000034 ], [ -77.492736570999966, 0.366955656000073 ], [ -77.493879223999954, 0.375507302000074 ], [ -77.496048044999952, 0.383656863000056 ], [ -77.502322316999937, 0.393469628000048 ], [ -77.506257035999965, 0.39633819900007 ], [ -77.513956041999961, 0.404084156000067 ], [ -77.511162959999979, 0.405749480000054 ], [ -77.489154230999986, 0.399729755000067 ], [ -77.46748798699997, 0.396120336000024 ], [ -77.462641937999933, 0.396638363000022 ], [ -77.462476782999943, 0.399093337000068 ], [ -77.462011007999934, 0.398954221000054 ], [ -77.46008242399995, 0.398367008000037 ], [ -77.460080537999943, 0.398366434000025 ], [ -77.458424906999937, 0.397462724000036 ], [ -77.45764657899997, 0.396649696000054 ], [ -77.457532042999958, 0.395746660000043 ], [ -77.457570557999986, 0.39482563100006 ], [ -77.457616368999936, 0.393886545000043 ], [ -77.457699821999938, 0.39274881800003 ], [ -77.456845558999987, 0.391556718000061 ], [ -77.456845409999971, 0.391556508000065 ], [ -77.455620048999947, 0.39103671700002 ], [ -77.455609508999942, 0.391032246000066 ], [ -77.453900609999948, 0.391483004000065 ], [ -77.452870173999941, 0.391608978000022 ], [ -77.451725995999936, 0.391599456000051 ], [ -77.450810538999974, 0.391599062000068 ], [ -77.449665807999963, 0.39158050900005 ], [ -77.448750357999984, 0.391571085000066 ], [ -77.447613372999967, 0.391796340000042 ], [ -77.446012852999957, 0.391561104000061 ], [ -77.44601129199998, 0.391560875000039 ], [ -77.444645469999955, 0.390747610000062 ], [ -77.443280582999989, 0.389709241000048 ], [ -77.443279744999984, 0.38970860400002 ], [ -77.441800024999964, 0.389130067000053 ], [ -77.44031192999995, 0.389806656000076 ], [ -77.439274591999947, 0.39038411000007 ], [ -77.438366339999959, 0.390609461000054 ], [ -77.437222175999977, 0.390608967000048 ], [ -77.436191821999955, 0.39059046400007 ], [ -77.435047709999935, 0.390472585000055 ], [ -77.433338792999962, 0.390119727000069 ], [ -77.43333862999998, 0.390119693000031 ], [ -77.432091775999936, 0.389543425000056 ], [ -77.432087086999957, 0.389541258000065 ], [ -77.431286108999984, 0.389306144000045 ], [ -77.430255854999984, 0.389070931000049 ], [ -77.429348270999981, 0.389061511000023 ], [ -77.428317867999965, 0.389178452000067 ], [ -77.427402341999937, 0.389403797000057 ], [ -77.426486861999933, 0.389511757000037 ], [ -77.425457022999979, 0.389628697000035 ], [ -77.425034332999985, 0.389685685000074 ], [ -77.424655906999988, 0.389736706000065 ], [ -77.423626117999959, 0.389736261000053 ], [ -77.422374398999978, 0.389600278000046 ], [ -77.421573332999969, 0.389599932000067 ], [ -77.42042919499994, 0.389590408000061 ], [ -77.419513572999961, 0.39005051700002 ], [ -77.418140281999968, 0.391070253000066 ], [ -77.417102359999944, 0.391756042000054 ], [ -77.416187148999938, 0.392568295000046 ], [ -77.416130825999971, 0.392646866000064 ], [ -77.415771929999948, 0.39296235300003 ], [ -77.414963183999987, 0.394092586000056 ], [ -77.414276513999937, 0.39512333700003 ], [ -77.413353321999978, 0.396497655000076 ], [ -77.412544577999938, 0.398107023000023 ], [ -77.411850276999985, 0.399255287000074 ], [ -77.411506942999949, 0.399933386000043 ], [ -77.410934716999975, 0.400846596000065 ], [ -77.410608466999975, 0.40170381300004 ], [ -77.410197761999939, 0.402055578000045 ], [ -77.408046370999955, 0.407272873000068 ], [ -77.407975220999958, 0.407255421000059 ], [ -77.407920012999966, 0.407241880000072 ], [ -77.407603347999952, 0.407164207000051 ], [ -77.407470802999967, 0.407137019000061 ], [ -77.407232151999949, 0.407088065000039 ], [ -77.406899026999952, 0.406888190000075 ], [ -77.40685928399995, 0.406741141000055 ], [ -77.406803848999971, 0.406536029000051 ], [ -77.406508794999979, 0.406240977000039 ], [ -77.406147116999989, 0.406145799000058 ], [ -77.405856166999968, 0.406046876000062 ], [ -77.405787318999955, 0.406023467000068 ], [ -77.405671224999935, 0.405983995000042 ], [ -77.405594452999935, 0.405848516000049 ], [ -77.405560384999944, 0.405788395000059 ], [ -77.405509421999966, 0.405698460000053 ], [ -77.405338100999984, 0.405393889000038 ], [ -77.405062083999951, 0.405032211000048 ], [ -77.405166779999945, 0.404575354000031 ], [ -77.405298442999936, 0.404267908000065 ], [ -77.40511760399994, 0.404048998000064 ], [ -77.405012907999946, 0.403811051000048 ], [ -77.404784478999943, 0.403525516000059 ], [ -77.404327622999972, 0.403287570000032 ], [ -77.403861248999988, 0.403049623000072 ], [ -77.403366320999965, 0.402821195000058 ], [ -77.402823803999979, 0.402583249000031 ], [ -77.402014786999985, 0.402326268000024 ], [ -77.40156744899997, 0.402135910000027 ], [ -77.400987630999964, 0.401856662000057 ], [ -77.400653734999935, 0.401422073000049 ], [ -77.400168325999971, 0.40127930500006 ], [ -77.399797128999978, 0.401146055000027 ], [ -77.399264129999949, 0.400936662000049 ], [ -77.398735321999936, 0.40083571100007 ], [ -77.398734676999936, 0.400835588000064 ], [ -77.398734120999961, 0.400835148000056 ], [ -77.398732724999945, 0.40083398500002 ], [ -77.397592499999973, 0.39988379600004 ], [ -77.39709757199995, 0.399141404000034 ], [ -77.396907214999942, 0.398779726000043 ], [ -77.396773964999966, 0.398418048000053 ], [ -77.396526501999972, 0.397637585000041 ], [ -77.396376243999953, 0.397328232000064 ], [ -77.396369322999988, 0.39731398300006 ], [ -77.396202893999941, 0.396971336000036 ], [ -77.396134081999946, 0.396952986000031 ], [ -77.395830639999986, 0.39687206800005 ], [ -77.395631823999963, 0.396819051000023 ], [ -77.395261073999961, 0.396662512000034 ], [ -77.395081091999941, 0.396586520000028 ], [ -77.39477521799995, 0.396457373000032 ], [ -77.393823433999955, 0.396324123000056 ], [ -77.393214291999982, 0.395981480000046 ], [ -77.392738399999985, 0.395524623000028 ], [ -77.392243470999972, 0.394744160000073 ], [ -77.392227299999945, 0.394339861000049 ], [ -77.392224435999935, 0.394268268000076 ], [ -77.392207925999969, 0.394037118000028 ], [ -77.39220671299995, 0.39402013800003 ], [ -77.392205400999956, 0.394001769000056 ], [ -77.392214677999959, 0.393991462000031 ], [ -77.392276826999989, 0.393922407000048 ], [ -77.392376721999938, 0.393811412000048 ], [ -77.392548042999977, 0.393659126000045 ], [ -77.392947791999973, 0.393259377000049 ], [ -77.393614041999967, 0.39263119900005 ], [ -77.39378536199996, 0.391945914000075 ], [ -77.393537898999966, 0.391241594000064 ], [ -77.393081041999949, 0.390898952000043 ], [ -77.392344600999934, 0.390791554000032 ], [ -77.39232612099994, 0.390788859000054 ], [ -77.39216732899996, 0.390765702000067 ], [ -77.391902362999986, 0.390633219000051 ], [ -77.391792802999987, 0.390578439000024 ], [ -77.391405900999985, 0.390384988000051 ], [ -77.391136482999968, 0.390089911000075 ], [ -77.391006151999989, 0.389947167000059 ] ] ] ] } },
{ "type": "Feature", "properties": { "fid": 6, "Descripcion": "Limites comunitarios", "Comunidad": "Panduyacu Sector 1", "categoria": "Tierra Comunitaría", "status": "Titulada", "etnias": "Kichwa", "area_sig_h": 873.4, "fuente": "GAD Sucumbíos", "fecha_atua": "may/2024" }, "geometry": { "type": "MultiPolygon", "coordinates": [ [ [ [ -77.310367356999961, -0.020345339999949 ], [ -77.310366563999935, -0.020256446999952 ], [ -77.310366619999968, -0.016861620999975 ], [ -77.310366645999977, -0.015055892999953 ], [ -77.310366688999977, -0.009502511999926 ], [ -77.310366712999951, -0.007237516999965 ], [ -77.310366715999976, -0.006930388999933 ], [ -77.31036672099998, -0.001716578999947 ], [ -77.310366721999969, -0.001513386999932 ], [ -77.305882735999944, -0.00783322999996 ], [ -77.305882745999952, -0.002416164999943 ], [ -77.302537436999955, -0.002416168999957 ], [ -77.292430954999986, -0.002416178999965 ], [ -77.286153529999979, -0.011444303999951 ], [ -77.286153436999939, -0.017903658999955 ], [ -77.286153417999969, -0.019569674999957 ], [ -77.286588651999978, -0.023513961999925 ], [ -77.286723834999975, -0.023765321999974 ], [ -77.287141443999985, -0.023918202999937 ], [ -77.287653939999984, -0.024051996999958 ], [ -77.287919673999966, -0.024128430999951 ], [ -77.288104406999935, -0.02418421699997 ], [ -77.28808879199994, -0.024274022999975 ], [ -77.288088591999951, -0.031542082999977 ], [ -77.287939393999977, -0.031892110999934 ], [ -77.28832898099995, -0.032736243999977 ], [ -77.288758852999933, -0.037390720999952 ], [ -77.289378438999961, -0.037334475999955 ], [ -77.290246939999975, -0.037345391999963 ], [ -77.290550645999986, -0.037437889999978 ], [ -77.290981199999976, -0.037569022999946 ], [ -77.29276957999997, -0.038315680999972 ], [ -77.293440286999953, -0.038504856999964 ], [ -77.293855030999964, -0.038621836999937 ], [ -77.294554980999976, -0.038557181999977 ], [ -77.29528890499995, -0.038632802999928 ], [ -77.295807532999959, -0.038686239999947 ], [ -77.296204970999952, -0.038882305999948 ], [ -77.296545477999985, -0.039105132999964 ], [ -77.296882669999945, -0.039542839999967 ], [ -77.297030180999968, -0.039643437999928 ], [ -77.297038287999953, -0.039648964999969 ], [ -77.297264931999962, -0.039706905999935 ], [ -77.297872029999951, -0.039539738999963 ], [ -77.299087747999977, -0.039087886999937 ], [ -77.299244977999933, -0.039072423999926 ], [ -77.299615891999963, -0.03915554699995 ], [ -77.299711440999943, -0.039176959999963 ], [ -77.300174267999978, -0.039280679999933 ], [ -77.300565500999937, -0.039215670999965 ], [ -77.300766365999948, -0.039051318999952 ], [ -77.301001347999943, -0.038601392999965 ], [ -77.301147062999974, -0.037803702999952 ], [ -77.301424143999952, -0.036862001999964 ], [ -77.301935137999976, -0.035791565999943 ], [ -77.302343958999984, -0.035279532999937 ], [ -77.302743066999938, -0.034147448999931 ], [ -77.303416050999942, -0.033026025999959 ], [ -77.303717377999988, -0.032050879999929 ], [ -77.30383922599998, -0.031860494999933 ], [ -77.304333086999975, -0.031512445999965 ], [ -77.305491783999969, -0.031121442999961 ], [ -77.305803091999962, -0.030766256999925 ], [ -77.306033102999947, -0.028698004999967 ], [ -77.30645259399995, -0.027337214999932 ], [ -77.306767308999952, -0.026603436999949 ], [ -77.307592409999984, -0.025623583999959 ], [ -77.307495777999975, -0.024944867999977 ], [ -77.30694568499996, -0.024108683999941 ], [ -77.306795720999958, -0.023563397999965 ], [ -77.306774523999934, -0.02322982499993 ], [ -77.307012369999939, -0.022125863999975 ], [ -77.30703039499997, -0.020508439999958 ], [ -77.307200192999971, -0.020262550999973 ], [ -77.307756600999937, -0.020132288999946 ], [ -77.307788701999982, -0.020124773999953 ], [ -77.308230219999984, -0.020233698999959 ], [ -77.309118467999951, -0.020612548999964 ], [ -77.309779711999965, -0.020661264999944 ], [ -77.310367356999961, -0.020345339999949 ] ] ] ] } },
{ "type": "Feature", "properties": { "fid": 7, "Descripcion": "Limites comunitarios", "Comunidad": "Panduyacu Central", "categoria": "Tierra Comunitaría", "status": "Titulada", "etnias": "Kichwa", "area_sig_h": 1811.92, "fuente": "GAD Sucumbíos", "fecha_atua": "may/2024" }, "geometry": { "type": "MultiPolygon", "coordinates": [ [ [ [ -77.310874475999981, -0.020439951999947 ], [ -77.309055258999933, -0.021057675999941 ], [ -77.307669373999943, -0.02083160799998 ], [ -77.307540610999979, -0.020907002999934 ], [ -77.307517725999958, -0.02177827099996 ], [ -77.307561730999964, -0.022112747999927 ], [ -77.307341121999968, -0.023068180999928 ], [ -77.307303863999948, -0.02343402799994 ], [ -77.307351102999974, -0.023975247999942 ], [ -77.307414140999981, -0.024115365999933 ], [ -77.30814597799997, -0.024981648999926 ], [ -77.308207405999951, -0.025454525999976 ], [ -77.308136744999956, -0.025796055999933 ], [ -77.307960755999943, -0.026202403999946 ], [ -77.307768150999948, -0.026447388999941 ], [ -77.307092641999986, -0.027052172999959 ], [ -77.306917459999966, -0.027435559999958 ], [ -77.306597007999983, -0.028605152999944 ], [ -77.306418165999958, -0.029952377999962 ], [ -77.306347433999974, -0.031166171999928 ], [ -77.306076895, -0.031649090999963 ], [ -77.305271981999965, -0.031766989999937 ], [ -77.304498137999985, -0.031966428999965 ], [ -77.304394067999965, -0.031996804999949 ], [ -77.304226605999986, -0.032185381999966 ], [ -77.304055013999971, -0.032477105999931 ], [ -77.303978521999966, -0.032967614999961 ], [ -77.303782962999946, -0.033579623999969 ], [ -77.302770128999953, -0.035491237999963 ], [ -77.302546198999949, -0.036239932999933 ], [ -77.301932743999942, -0.037015802999974 ], [ -77.301824275999934, -0.037152987999946 ], [ -77.301713571999983, -0.037642142999971 ], [ -77.301588135999964, -0.03792419399997 ], [ -77.301557763999938, -0.038302274999978 ], [ -77.302029208999954, -0.038622836999934 ], [ -77.302040175999934, -0.03859341499998 ], [ -77.305913620999945, -0.039730677999955 ], [ -77.307366222999974, -0.042492793999941 ], [ -77.310271370999942, -0.045904777999965 ], [ -77.310364260999961, -0.050386688999936 ], [ -77.310432459999959, -0.053676863999954 ], [ -77.310579179999934, -0.054011358999958 ], [ -77.310581644999957, -0.054009200999928 ], [ -77.324667957999964, -0.06670337099996 ], [ -77.327536820999967, -0.069288675999928 ], [ -77.327598006999949, -0.069274607999944 ], [ -77.327620201999935, -0.06917445299996 ], [ -77.328504439999961, -0.065184053999928 ], [ -77.342549323999947, -0.045578845999955 ], [ -77.342467342999953, -0.045314769999948 ], [ -77.342513516999986, -0.045236182999929 ], [ -77.342402953999965, -0.045157654999969 ], [ -77.342077712999981, -0.04470893499996 ], [ -77.341508214999976, -0.043493292999926 ], [ -77.341359142999977, -0.042925242999956 ], [ -77.341391720999979, -0.042387107999957 ], [ -77.341536271999985, -0.041910710999957 ], [ -77.341860131999965, -0.041234801999963 ], [ -77.342043728999954, -0.040346735999947 ], [ -77.342025661999969, -0.039646068999957 ], [ -77.341871117999972, -0.039215421999927 ], [ -77.34163998799994, -0.038988350999944 ], [ -77.341439477999984, -0.038854387999947 ], [ -77.340077676999954, -0.038307974999952 ], [ -77.339629608999985, -0.038072501999977 ], [ -77.338696470999935, -0.037382073999936 ], [ -77.338318894999986, -0.037390309999978 ], [ -77.337865725999961, -0.03786617399993 ], [ -77.337741191999953, -0.038125255999944 ], [ -77.337513126999966, -0.038403323999944 ], [ -77.336800194999967, -0.039087109999969 ], [ -77.33623683999997, -0.039168482999969 ], [ -77.335537172999977, -0.038934734999941 ], [ -77.334759823999946, -0.038353590999975 ], [ -77.333543565999946, -0.03759473599996 ], [ -77.333170474999974, -0.037488438999958 ], [ -77.332687931999942, -0.03755001299993 ], [ -77.332336040999962, -0.037777281999979 ], [ -77.331964840999944, -0.037868683999932 ], [ -77.33134158699994, -0.03777305999995 ], [ -77.330895945999941, -0.037767195999947 ], [ -77.330242526999939, -0.037810694999962 ], [ -77.329733944999987, -0.037951548999956 ], [ -77.329242687999965, -0.037943968999969 ], [ -77.328937660999941, -0.037851770999964 ], [ -77.328663538999933, -0.037628067999947 ], [ -77.32857581199994, -0.03742725099994 ], [ -77.32853645199998, -0.037296738999942 ], [ -77.328486230999943, -0.036250473999928 ], [ -77.328499779999959, -0.03590669099998 ], [ -77.328579598999966, -0.035622929999931 ], [ -77.32855426499998, -0.035105492999946 ], [ -77.328482873999974, -0.03488465199996 ], [ -77.32841893799997, -0.034767407999936 ], [ -77.327827014999968, -0.034411615999943 ], [ -77.327606389999971, -0.034207954999943 ], [ -77.32703285499997, -0.033095439999954 ], [ -77.326354542999979, -0.032323094999924 ], [ -77.325636992999989, -0.031675499999949 ], [ -77.325170599999979, -0.031324493999932 ], [ -77.324908397999934, -0.031015970999931 ], [ -77.324741199999949, -0.030906140999946 ], [ -77.323744025999986, -0.029811620999965 ], [ -77.32308179499995, -0.029498947999969 ], [ -77.321973021999952, -0.029203367999969 ], [ -77.321708671999943, -0.029238990999943 ], [ -77.321313405999945, -0.029417535999926 ], [ -77.320607279999933, -0.029848388999937 ], [ -77.319888312999979, -0.030178087999957 ], [ -77.319251861999987, -0.030371373999969 ], [ -77.318930401999978, -0.030404737999959 ], [ -77.318600769999989, -0.030357465999941 ], [ -77.318219861999978, -0.030158958999948 ], [ -77.317469352999979, -0.029475651999974 ], [ -77.31730493699996, -0.029297117999931 ], [ -77.316745594999986, -0.028403176999973 ], [ -77.315919894999979, -0.025857836999933 ], [ -77.315750806999972, -0.025507001999927 ], [ -77.315375278999966, -0.024884160999932 ], [ -77.314402705999953, -0.023744610999927 ], [ -77.31404809999998, -0.023168504999944 ], [ -77.313923188, -0.022566901999937 ], [ -77.313910250999982, -0.022201600999949 ], [ -77.313672559999986, -0.02167349399997 ], [ -77.312920163999934, -0.020749085999967 ], [ -77.312632820999966, -0.02049687799996 ], [ -77.31239809799996, -0.020361553999976 ], [ -77.31200219599998, -0.020254345999945 ], [ -77.311284443999966, -0.020372476999967 ], [ -77.310874475999981, -0.020439951999947 ] ] ], [ [ [ -77.310366619999968, -0.016861620999975 ], [ -77.310366563999935, -0.020256446999952 ], [ -77.310367356999961, -0.020345339999949 ], [ -77.311192878999975, -0.01990152999997 ], [ -77.311736217999965, -0.019750465999948 ], [ -77.312190576999967, -0.019825490999949 ], [ -77.312584683999944, -0.01997862099995 ], [ -77.313325578999979, -0.020445068999948 ], [ -77.313776258999951, -0.020782340999972 ], [ -77.314188867999974, -0.021254848999945 ], [ -77.314293029999988, -0.021374173999959 ], [ -77.314661114999979, -0.022698872999968 ], [ -77.314839361999987, -0.023107472999925 ], [ -77.315032691999988, -0.023424859999977 ], [ -77.315557904999935, -0.024019041999964 ], [ -77.316044154999986, -0.025024990999952 ], [ -77.316416987999958, -0.02562441799995 ], [ -77.316872524999951, -0.026342536999948 ], [ -77.317395246, -0.028164601999947 ], [ -77.31804716399995, -0.029027714999927 ], [ -77.318475219999982, -0.029480421999949 ], [ -77.31908636199995, -0.029928875999929 ], [ -77.319368585999939, -0.030020172999969 ], [ -77.319577893999963, -0.030011760999969 ], [ -77.320374712999978, -0.029685134999966 ], [ -77.320798440999965, -0.029421613999943 ], [ -77.321777537999935, -0.028943295999966 ], [ -77.322762836999971, -0.02888975999997 ], [ -77.323203544999956, -0.029021641999975 ], [ -77.324394665999989, -0.029836918999933 ], [ -77.326541027999951, -0.031653240999958 ], [ -77.326915919999976, -0.032000631999949 ], [ -77.327461426999946, -0.032664502999978 ], [ -77.32812682499997, -0.034056072999931 ], [ -77.328226407999978, -0.034140230999924 ], [ -77.328942416999951, -0.034248419999926 ], [ -77.329249426, -0.034581709999941 ], [ -77.329329439999981, -0.034871703999954 ], [ -77.329350735999981, -0.035492284999975 ], [ -77.329286545999935, -0.035960275999969 ], [ -77.328991956999971, -0.036763649999955 ], [ -77.32903820699994, -0.037040808999961 ], [ -77.329371164999941, -0.037294817999964 ], [ -77.329971611999952, -0.037432929999966 ], [ -77.330575737999936, -0.037479377999944 ], [ -77.33171125399997, -0.037385785999959 ], [ -77.332276045999947, -0.037270061999948 ], [ -77.33318527299997, -0.036823473999959 ], [ -77.33381669299996, -0.036756200999946 ], [ -77.334066943999971, -0.036788917999957 ], [ -77.335270265999952, -0.037294750999934 ], [ -77.335420134999936, -0.037553012999979 ], [ -77.335785149999936, -0.03786559699995 ], [ -77.336010098999964, -0.038539955999966 ], [ -77.33614074999997, -0.038705740999944 ], [ -77.336336137999979, -0.038678887999936 ], [ -77.336372726999969, -0.038660799999946 ], [ -77.336373389999949, -0.038378422999926 ], [ -77.336373908999974, -0.020473489999972 ], [ -77.321215914999982, -0.008803547999946 ], [ -77.31036672099998, -0.001716578999947 ], [ -77.310366715999976, -0.006930388999933 ], [ -77.310366712999951, -0.007237516999965 ], [ -77.310366688999977, -0.009502511999926 ], [ -77.310366645999977, -0.015055892999953 ], [ -77.310366619999968, -0.016861620999975 ] ] ] ] } },
{ "type": "Feature", "properties": { "fid": 8, "Descripcion": "Limites comunitarios", "Comunidad": "Supayacu", "categoria": "Tierra Comunitaría", "status": "Sin reconocimiento", "etnias": "Kichwa", "area_sig_h": 195.58, "fuente": "EcoCiencia 2013", "fecha_atua": "may/2024" }, "geometry": { "type": "MultiPolygon", "coordinates": [ [ [ [ -77.222907133999968, -0.100024305999966 ], [ -77.222890579999955, -0.099939692999953 ], [ -77.222059933999958, -0.09562380999995 ], [ -77.221401566999987, -0.091722757999946 ], [ -77.220553309999957, -0.087265953999974 ], [ -77.219895683999937, -0.083263040999952 ], [ -77.219756249999989, -0.082412391999981 ], [ -77.218810335999933, -0.08225373199997 ], [ -77.216336447999936, -0.082471188999932 ], [ -77.213841719999948, -0.08304540499995 ], [ -77.211988493999968, -0.083547823999936 ], [ -77.210491683999976, -0.084409020999942 ], [ -77.209565101999942, -0.085270186999935 ], [ -77.209493880999958, -0.086274823999929 ], [ -77.209493931999987, -0.087135935999925 ], [ -77.209779090999973, -0.087853515999939 ], [ -77.210135539999953, -0.088786367999944 ], [ -77.210135602999969, -0.089862756999935 ], [ -77.21017272399996, -0.090847056999962 ], [ -77.210030220999954, -0.091629850999936 ], [ -77.209732202999987, -0.092308284999945 ], [ -77.209602643999972, -0.092817102999959 ], [ -77.209550837999984, -0.093325916999959 ], [ -77.209680473999981, -0.094030416999942 ], [ -77.209947916999965, -0.094806541999958 ], [ -77.210263712999961, -0.095269789999975 ], [ -77.210691392999934, -0.095739433999938 ], [ -77.210727383999938, -0.095990291999954 ], [ -77.210708727999986, -0.096054121999941 ], [ -77.210801303999972, -0.09690111599997 ], [ -77.21096363099997, -0.097226706999948 ], [ -77.211276536999947, -0.097499079999977 ], [ -77.211692320999987, -0.097319653999932 ], [ -77.21181110699996, -0.09714024699997 ], [ -77.211989273999961, -0.096661839999967 ], [ -77.212048648999939, -0.096303038999963 ], [ -77.212286206999977, -0.095705029999976 ], [ -77.212492688999987, -0.095452294999973 ], [ -77.212700025999936, -0.095308771999953 ], [ -77.213097816999948, -0.095138347999978 ], [ -77.213322051999967, -0.095165220999945 ], [ -77.213542367999935, -0.095360903999961 ], [ -77.213723813999934, -0.095647911999947 ], [ -77.213771221999934, -0.09624312699998 ], [ -77.213771292, -0.09731951599997 ], [ -77.213890124999978, -0.097857701999942 ], [ -77.214365341999951, -0.098216467999976 ], [ -77.21489993299997, -0.098216431999958 ], [ -77.215256306999947, -0.097917411999958 ], [ -77.215612681999971, -0.09761838999998 ], [ -77.215850251999939, -0.097199778999936 ], [ -77.216028413999936, -0.096661574999928 ], [ -77.216384776999973, -0.096183157999974 ], [ -77.216741167999942, -0.096123334999959 ], [ -77.217394562999971, -0.096242889999928 ], [ -77.217750981999984, -0.096601662999944 ], [ -77.218048002999979, -0.097020236999924 ], [ -77.218404428999975, -0.097498606999977 ], [ -77.218523245999961, -0.097797594999975 ], [ -77.218820264999977, -0.098156370999959 ], [ -77.219176669999968, -0.098335743999939 ], [ -77.219471813999974, -0.098293148999971 ], [ -77.219592443999943, -0.098096519999956 ], [ -77.219651813999974, -0.097618121999972 ], [ -77.219711168999936, -0.096960326999977 ], [ -77.219772227999954, -0.096571865999977 ], [ -77.219924745999947, -0.096229277999953 ], [ -77.220221996999953, -0.096048124999925 ], [ -77.22053490199994, -0.096040228999925 ], [ -77.220839690999981, -0.096063267999966 ], [ -77.221027738999965, -0.096181953999974 ], [ -77.221077299999934, -0.09630244799996 ], [ -77.22115684299996, -0.096642653999936 ], [ -77.22114513799994, -0.097103361999928 ], [ -77.221136788999956, -0.09767782199998 ], [ -77.221255637999946, -0.098455202999958 ], [ -77.221612065999977, -0.09899336999996 ], [ -77.22173090299998, -0.099591351999948 ], [ -77.221969745999957, -0.099976018999939 ], [ -77.221952469999962, -0.100251958999934 ], [ -77.222068938999939, -0.100596739999958 ], [ -77.222146771999974, -0.100727505999942 ], [ -77.222264162999977, -0.100738091999972 ], [ -77.222370330999979, -0.100713947999964 ], [ -77.222592922, -0.100369141999977 ], [ -77.222822366999935, -0.100110533999953 ], [ -77.222907133999968, -0.100024305999966 ] ] ] ] } },
{ "type": "Feature", "properties": { "fid": 9, "Descripcion": "Limites comunitarios", "Comunidad": "Familia Poraquilla", "categoria": "Tierra Comunitaría", "status": "Sin reconocimiento", "etnias": "Kichwa", "area_sig_h": 183.5, "fuente": "Proyecto Dashino Ecociencia 2012", "fecha_atua": "may/2024" }, "geometry": { "type": "MultiPolygon", "coordinates": [ [ [ [ -77.308223466999948, -0.054990606999979 ], [ -77.308334970999965, -0.055003690999968 ], [ -77.31043301699998, -0.053703778999932 ], [ -77.310432459999959, -0.053676863999954 ], [ -77.310364260999961, -0.050386688999936 ], [ -77.310271370999942, -0.045904777999965 ], [ -77.307366222999974, -0.042492793999941 ], [ -77.305913620999945, -0.039730677999955 ], [ -77.302040175999934, -0.03859341499998 ], [ -77.302029208999954, -0.038622836999934 ], [ -77.301557763999938, -0.038302274999978 ], [ -77.301476020999985, -0.039319876999969 ], [ -77.301339180999946, -0.039601475999973 ], [ -77.301159418999987, -0.039812563999931 ], [ -77.301043404999973, -0.039853969999967 ], [ -77.299032543999942, -0.039821572999927 ], [ -77.297727835999979, -0.040144427999962 ], [ -77.296770081999966, -0.040079005999928 ], [ -77.296026753999968, -0.039796526999964 ], [ -77.295495961999961, -0.039339749999954 ], [ -77.295327415999964, -0.039264360999937 ], [ -77.293245340999988, -0.039298137999936 ], [ -77.291424005999943, -0.038515773999961 ], [ -77.289922526999987, -0.038032713999939 ], [ -77.289377736999938, -0.037931208999964 ], [ -77.288761380999972, -0.037907178999944 ], [ -77.288588345999983, -0.037946417999933 ], [ -77.288363324999978, -0.038144219999936 ], [ -77.288375242999962, -0.038201618999949 ], [ -77.288323426999966, -0.038185554999927 ], [ -77.288323462999983, -0.038234845999966 ], [ -77.288392152999961, -0.038283073999935 ], [ -77.289559056999963, -0.038844881999978 ], [ -77.289892474999988, -0.039087325999958 ], [ -77.290365707999968, -0.039553326999965 ], [ -77.290657084999964, -0.039901547999932 ], [ -77.291348368999934, -0.040727689999926 ], [ -77.29194309899998, -0.041301714999975 ], [ -77.292825889999961, -0.041818054999965 ], [ -77.295966082999939, -0.043948600999954 ], [ -77.298787121999965, -0.04546985199994 ], [ -77.299255930999948, -0.045799281999962 ], [ -77.300066455999968, -0.046368836999932 ], [ -77.300408583999968, -0.046680523999953 ], [ -77.300701954999965, -0.047070679999933 ], [ -77.301402487999951, -0.048440572999937 ], [ -77.302204840999934, -0.049550561999979 ], [ -77.303665826999975, -0.050479546999952 ], [ -77.30389624999998, -0.050738171999967 ], [ -77.304279964999978, -0.051433058999976 ], [ -77.304544417999978, -0.051684269999953 ], [ -77.305497602999935, -0.052157475999934 ], [ -77.306858543999965, -0.052935493999939 ], [ -77.30696226699996, -0.052994789999957 ], [ -77.307648854999968, -0.053560844999936 ], [ -77.307910616999948, -0.053880938999953 ], [ -77.308038132999968, -0.054126819999965 ], [ -77.308223466999948, -0.054990606999979 ] ] ] ] } },
{ "type": "Feature", "properties": { "fid": 10, "Descripcion": "Limites comunitarios", "Comunidad": "Asociación La Unión", "categoria": "Tierra Comunitaría", "status": "Sin reconocimiento", "etnias": "Kichwa", "area_sig_h": 1811.9, "fuente": "Proyecto Dashino Ecociencia 2012", "fecha_atua": "may/2024" }, "geometry": { "type": "MultiPolygon", "coordinates": [ [ [ [ -77.329199483999957, 0.006612419000021 ], [ -77.33189, 0.004806678000023 ], [ -77.322870876999957, -0.00654317599998 ], [ -77.321128299999941, -0.008736092999925 ], [ -77.321215914999982, -0.008803547999946 ], [ -77.336373908999974, -0.020473489999972 ], [ -77.336373389999949, -0.038378422999926 ], [ -77.336372726999969, -0.038660799999946 ], [ -77.336615926999968, -0.038540571999931 ], [ -77.33702303299998, -0.038074381999934 ], [ -77.337715122999953, -0.037045550999949 ], [ -77.337998142999936, -0.036826961999964 ], [ -77.338160757999958, -0.036799190999943 ], [ -77.338216785999975, -0.036789622999947 ], [ -77.33835682199998, -0.036824943999932 ], [ -77.338862854999945, -0.036952583999948 ], [ -77.338874713999985, -0.036797373999946 ], [ -77.343090176999965, -0.038695821999966 ], [ -77.342090449999944, -0.042722136999942 ], [ -77.343201440999962, -0.04495893099994 ], [ -77.344423450999955, -0.044735210999931 ], [ -77.344534461999956, -0.041827337999962 ], [ -77.34542318299998, -0.041156266999963 ], [ -77.345201728999939, -0.04048748799994 ], [ -77.344867677999957, -0.03947866599998 ], [ -77.345300700999985, -0.03795271599995 ], [ -77.345312006999961, -0.037912878999975 ], [ -77.346617839999965, -0.037737560999972 ], [ -77.346642088999943, -0.037744534999945 ], [ -77.346972527999981, -0.037964961999933 ], [ -77.347368607999954, -0.03839200799996 ], [ -77.347484039999983, -0.038548145999926 ], [ -77.348755937999954, -0.04070881399997 ], [ -77.349089217999961, -0.040820645999929 ], [ -77.349168898999949, -0.040700310999966 ], [ -77.349192562999974, -0.040692440999976 ], [ -77.349349527999948, -0.040556609999953 ], [ -77.34955649699998, -0.040268694999952 ], [ -77.349824582999986, -0.039809640999977 ], [ -77.350067664999983, -0.039348490999942 ], [ -77.350140837999959, -0.039191483999957 ], [ -77.350343455999962, -0.038834491999978 ], [ -77.350351375999935, -0.038826856999947 ], [ -77.350485771999956, -0.038847829999952 ], [ -77.350735292999957, -0.038978055999962 ], [ -77.351148382999952, -0.039201623999929 ], [ -77.351721048999934, -0.039498432999949 ], [ -77.352245791999962, -0.039864467999962 ], [ -77.352528136999979, -0.040283998999939 ], [ -77.352629205999961, -0.040678363999973 ], [ -77.352664113999936, -0.040975359999948 ], [ -77.352708396999958, -0.041191596999965 ], [ -77.352857730999972, -0.041373567999926 ], [ -77.353327946999968, -0.041598531999966 ], [ -77.354238684999984, -0.041912636999939 ], [ -77.354416686999969, -0.04196684599998 ], [ -77.354476017999957, -0.041979036999976 ], [ -77.354926080999974, -0.042133132999936 ], [ -77.356118779999974, -0.04232871399995 ], [ -77.356291805999945, -0.04228947699994 ], [ -77.356588466999938, -0.042014120999966 ], [ -77.356644039999935, -0.041763811999942 ], [ -77.356537443999969, -0.041277755999943 ], [ -77.355880862999982, -0.040242287999945 ], [ -77.355709435999984, -0.039661858999978 ], [ -77.355682663999971, -0.039178872999969 ], [ -77.355792269999938, -0.038138771999968 ], [ -77.355745636999984, -0.037000865999971 ], [ -77.355795162999982, -0.035453553999957 ], [ -77.356006947999958, -0.03414208099997 ], [ -77.356151409999939, -0.033665689999964 ], [ -77.356389970999942, -0.033124210999972 ], [ -77.356805687999952, -0.032440354999949 ], [ -77.357223203999979, -0.031997584999942 ], [ -77.357751347999965, -0.031650903999946 ], [ -77.358738228999982, -0.031264619999945 ], [ -77.359383188999971, -0.030853664999938 ], [ -77.359883047999972, -0.030643573999953 ], [ -77.360562755999979, -0.030222404999961 ], [ -77.361316900999952, -0.029941889999975 ], [ -77.361626313999977, -0.029632729999946 ], [ -77.361676503999945, -0.02951991499998 ], [ -77.361677208999936, -0.028923211999938 ], [ -77.361632221999969, -0.028764206999938 ], [ -77.361190883999939, -0.027917387999935 ], [ -77.361171752999951, -0.027642855999943 ], [ -77.361171748999936, -0.027415600999973 ], [ -77.361219781999978, -0.02718400599997 ], [ -77.361259016999952, -0.027059349999945 ], [ -77.361604075999935, -0.026717013999928 ], [ -77.362448995999955, -0.026164589999951 ], [ -77.362664309999957, -0.025920516999975 ], [ -77.362805183999967, -0.025535789999935 ], [ -77.362946411999985, -0.024852757999952 ], [ -77.362884340999983, -0.023393320999958 ], [ -77.362855514999978, -0.023243444999935 ], [ -77.362808368999936, -0.022827353999958 ], [ -77.362854158999937, -0.022673680999958 ], [ -77.362962713999934, -0.022479418999978 ], [ -77.363416505999965, -0.021937941999965 ], [ -77.363490849999948, -0.021749645999932 ], [ -77.363419281999938, -0.021506482999939 ], [ -77.36330937699995, -0.021366822999937 ], [ -77.362534921999952, -0.02059937599995 ], [ -77.362186888999986, -0.020284803999971 ], [ -77.361992040999951, -0.020174704999931 ], [ -77.36191114099995, -0.020181665999928 ], [ -77.361089560999972, -0.020504210999945 ], [ -77.360609450999959, -0.020558273999939 ], [ -77.360397094999939, -0.020441124999934 ], [ -77.360222807999946, -0.020232764999946 ], [ -77.360148185999947, -0.019855543999938 ], [ -77.360178080999958, -0.019437642999947 ], [ -77.360238235999987, -0.019123606999926 ], [ -77.360270559999947, -0.019035199999962 ], [ -77.360291209999957, -0.01897870199997 ], [ -77.360520981999969, -0.018754154999954 ], [ -77.360589129999937, -0.018587012999944 ], [ -77.360742123999955, -0.017744430999926 ], [ -77.360822827999982, -0.016427452999949 ], [ -77.360871760999942, -0.016171541999938 ], [ -77.361018745999957, -0.015944917999946 ], [ -77.36117102999998, -0.015860305999979 ], [ -77.361619534999988, -0.015829836999956 ], [ -77.361778637999976, -0.015398918999949 ], [ -77.361808330999963, -0.015275244999941 ], [ -77.360303797999961, -0.014185238999971 ], [ -77.336291729999971, 0.003211299000043 ], [ -77.332633990999966, 0.00595223800002 ], [ -77.332624197999962, 0.005868436000071 ], [ -77.330202927999949, 0.007622658000059 ], [ -77.329199483999957, 0.006612419000021 ] ] ], [ [ [ -77.361731955999971, -0.016133293999928 ], [ -77.361610379999945, -0.016152097999964 ], [ -77.361302216999945, -0.016101660999936 ], [ -77.361216916999979, -0.016152825999939 ], [ -77.36113520899994, -0.016278838999938 ], [ -77.361100371999953, -0.016460895999955 ], [ -77.361018858999955, -0.017781398999944 ], [ -77.360858144999952, -0.018666375999942 ], [ -77.360756864999985, -0.01891487599994 ], [ -77.360530952999966, -0.019135625999979 ], [ -77.360402827999962, -0.019486362999942 ], [ -77.360377421999942, -0.019841167999971 ], [ -77.360434621999957, -0.020130252999934 ], [ -77.360543809999967, -0.020260782999969 ], [ -77.360655688999941, -0.020322520999969 ], [ -77.361034605999976, -0.020279848999962 ], [ -77.361973990999957, -0.01993099799995 ], [ -77.362322020999954, -0.020098405999931 ], [ -77.362388287999977, -0.020160506999957 ], [ -77.362544257999957, -0.020448775999967 ], [ -77.362777986999959, -0.020693563999941 ], [ -77.363478629999975, -0.021212786999968 ], [ -77.363613138999938, -0.021383812999943 ], [ -77.363717300999951, -0.021666839999966 ], [ -77.363719007999975, -0.02178444499998 ], [ -77.363613148999946, -0.02205599499996 ], [ -77.363223015999949, -0.022516024999959 ], [ -77.363066604999972, -0.022758287999977 ], [ -77.363002411999958, -0.023141475999978 ], [ -77.363028630999963, -0.023185588999979 ], [ -77.363079991999939, -0.023205384999926 ], [ -77.363184506999971, -0.023163619999934 ], [ -77.363332840999988, -0.023169312999926 ], [ -77.363279059999968, -0.023373787999958 ], [ -77.36318147999998, -0.024689769999952 ], [ -77.363257634999968, -0.025369815999966 ], [ -77.363223429999948, -0.025655375999975 ], [ -77.362920316999976, -0.026676400999975 ], [ -77.362398379999945, -0.027729391999969 ], [ -77.362234271999966, -0.028060478999976 ], [ -77.362038606999988, -0.028455225999949 ], [ -77.361993986999948, -0.028717464999943 ], [ -77.362077417999956, -0.029501103999962 ], [ -77.362053361999983, -0.029821466999977 ], [ -77.361959805999959, -0.030092022999952 ], [ -77.361733538999943, -0.030394220999938 ], [ -77.361531783999965, -0.030581434999931 ], [ -77.361125035999976, -0.030749218999972 ], [ -77.360881890999963, -0.031118490999972 ], [ -77.360302566999962, -0.031314030999965 ], [ -77.360096408999937, -0.031386803999965 ], [ -77.359058712999968, -0.032126265999977 ], [ -77.358396779999964, -0.032387435999965 ], [ -77.357905631999984, -0.032666770999924 ], [ -77.357165220999946, -0.032890427999973 ], [ -77.357041040999945, -0.032960216999925 ], [ -77.35695709099997, -0.033140558999946 ], [ -77.356714397999951, -0.033595889999958 ], [ -77.356361456999934, -0.034718166999937 ], [ -77.356268887999988, -0.034976068999924 ], [ -77.356272664999949, -0.035231076999935 ], [ -77.356370219999974, -0.036818610999944 ], [ -77.356359906999955, -0.037369032999948 ], [ -77.356251549999968, -0.038087774999951 ], [ -77.356318362999957, -0.038423142999932 ], [ -77.356224826999949, -0.039339310999935 ], [ -77.356252666999978, -0.039510881999945 ], [ -77.35640263199997, -0.040056055999969 ], [ -77.356766043999983, -0.040988209999966 ], [ -77.356890054999951, -0.041352411999981 ], [ -77.356976796999959, -0.041443980999929 ], [ -77.357203699999957, -0.041487273999962 ], [ -77.357357970999942, -0.041850299999965 ], [ -77.357291266999937, -0.042167682999946 ], [ -77.357082692999938, -0.042526831999965 ], [ -77.356717161999939, -0.042810958999951 ], [ -77.356577449999975, -0.042874420999965 ], [ -77.355830929999968, -0.042960139999934 ], [ -77.355666398999972, -0.042935057999955 ], [ -77.363975826999933, -0.052116035999973 ], [ -77.375694924999948, -0.034337003999951 ], [ -77.375891964999937, -0.034261397999956 ], [ -77.375775729999987, -0.034239452999941 ], [ -77.375762799999961, -0.034234029999936 ], [ -77.375787069999944, -0.034197208999956 ], [ -77.380194355999947, -0.027511047999951 ], [ -77.380173828999943, -0.027497801999971 ], [ -77.366484131999982, -0.018662762999952 ], [ -77.362022302999947, -0.015430262999928 ], [ -77.361946909999972, -0.015719007999962 ], [ -77.361816088999944, -0.016039100999933 ], [ -77.361731955999971, -0.016133293999928 ] ] ] ] } },
{ "type": "Feature", "properties": { "fid": 11, "Descripcion": "Limites comunitarios", "Comunidad": "San Pedro Del Río Coca", "categoria": "Tierra Comunitaría", "status": "Sin reconocimiento", "etnias": "Kichwa", "area_sig_h": 1008.68, "fuente": "EcoCiencia 2013", "fecha_atua": "may/2024" }, "geometry": { "type": "MultiPolygon", "coordinates": [ [ [ [ -77.219756249999989, -0.082412391999981 ], [ -77.219895683999937, -0.083263040999952 ], [ -77.220553309999957, -0.087265953999974 ], [ -77.221401566999987, -0.091722757999946 ], [ -77.222059933999958, -0.09562380999995 ], [ -77.222890579999955, -0.099939692999953 ], [ -77.222907133999968, -0.100024305999966 ], [ -77.223156485999937, -0.099770651999961 ], [ -77.223680716, -0.09948273599997 ], [ -77.223809847999973, -0.099411814999939 ], [ -77.224463206999985, -0.098993177999944 ], [ -77.224869470999977, -0.098695007999936 ], [ -77.225472925999952, -0.098096126999963 ], [ -77.225655422999978, -0.09798729299996 ], [ -77.225885465999966, -0.097903644999974 ], [ -77.226109123999947, -0.097922929999925 ], [ -77.226281660999973, -0.097929351999937 ], [ -77.226454203999936, -0.098032273999934 ], [ -77.226582016999942, -0.098173796999959 ], [ -77.226773739999942, -0.098431114999926 ], [ -77.226898529999971, -0.098694018999936 ], [ -77.227129657999967, -0.099026084999934 ], [ -77.227404895999939, -0.099205353999935 ], [ -77.227955358999964, -0.099319408999975 ], [ -77.228377756999976, -0.099479630999951 ], [ -77.228787927999974, -0.099696093999967 ], [ -77.229036967999946, -0.100009446999934 ], [ -77.229266812999981, -0.100541734999979 ], [ -77.22946110099997, -0.100704708999956 ], [ -77.229703948999941, -0.100720991999935 ], [ -77.229868574999955, -0.100427979999949 ], [ -77.22998733999998, -0.099949582999955 ], [ -77.23028428799995, -0.099291776999962 ], [ -77.230640661999985, -0.099052558999972 ], [ -77.231115852999949, -0.099112323999975 ], [ -77.231412862999946, -0.099351498999965 ], [ -77.231650490999982, -0.099889670999971 ], [ -77.231650523999974, -0.100368059999937 ], [ -77.231769357999951, -0.100906239999972 ], [ -77.232006955999964, -0.100966020999977 ], [ -77.232185137999977, -0.100786613999958 ], [ -77.232303910999974, -0.100427812999953 ], [ -77.232422670999938, -0.099889617999963 ], [ -77.232600837999939, -0.099471015999939 ], [ -77.23289780999994, -0.099172002999978 ], [ -77.233432384999958, -0.09899257099994 ], [ -77.23414515099995, -0.098813126999971 ], [ -77.234679742999958, -0.098932686999945 ], [ -77.235036169999944, -0.099470849999932 ], [ -77.235392614999967, -0.100308003999942 ], [ -77.235214482999936, -0.101204992999953 ], [ -77.235630281999988, -0.10138436099993 ], [ -77.235867871999972, -0.101324544999954 ], [ -77.236343027999965, -0.100905922999971 ], [ -77.236877598999968, -0.100726490999932 ], [ -77.237231195999982, -0.100801371999978 ], [ -77.237422401999936, -0.100981051999952 ], [ -77.237768625999934, -0.101503807999961 ], [ -77.237935008999955, -0.102541608999957 ], [ -77.237980931999971, -0.102957427999968 ], [ -77.237873873999945, -0.103357855999946 ], [ -77.237768779999953, -0.103716347999978 ], [ -77.237887617999945, -0.104314322999926 ], [ -77.238541005999934, -0.104433873999938 ], [ -77.239158975999942, -0.104697629999976 ], [ -77.239432024999985, -0.105091590999962 ], [ -77.239669659999947, -0.105689556999948 ], [ -77.240144861999966, -0.105928715999937 ], [ -77.240738825999983, -0.105689478999977 ], [ -77.241217225999947, -0.105470516999958 ], [ -77.24139218199997, -0.10539044099994 ], [ -77.241652546999944, -0.105421283999931 ], [ -77.241882028999953, -0.105667679999954 ], [ -77.242045607999955, -0.106048172999976 ], [ -77.242473212999982, -0.106747119999966 ], [ -77.242748878999976, -0.107083016999979 ], [ -77.242995520999955, -0.10733128499993 ], [ -77.243227648999948, -0.10749192399993 ], [ -77.243546828999968, -0.107754790999934 ], [ -77.243825000999948, -0.108039245999976 ], [ -77.244228705999944, -0.108178287999976 ], [ -77.244576877999975, -0.108119841999951 ], [ -77.244939546999944, -0.107944553999971 ], [ -77.245200656999941, -0.107667037999931 ], [ -77.245751924999979, -0.107491736999975 ], [ -77.245984043999954, -0.107550139999944 ], [ -77.246274197999981, -0.107637747999945 ], [ -77.246462797999982, -0.107710759999975 ], [ -77.246651400999951, -0.107827585999928 ], [ -77.246975775999942, -0.108021146999931 ], [ -77.24715400499997, -0.108499517999974 ], [ -77.24727282799995, -0.108858296999927 ], [ -77.247629208999967, -0.108798471999933 ], [ -77.247866764999969, -0.10832007199997 ], [ -77.247866730999988, -0.107841687999951 ], [ -77.247510317999968, -0.107482925999932 ], [ -77.246502043999953, -0.107469221999963 ], [ -77.246073695999939, -0.107269044999953 ], [ -77.245798314999945, -0.106930249999948 ], [ -77.245735624999952, -0.106418760999929 ], [ -77.24584705999996, -0.105868500999975 ], [ -77.246150057999955, -0.105544162999934 ], [ -77.246410105999985, -0.105390136999972 ], [ -77.247272566999982, -0.105270418999964 ], [ -77.247807153999986, -0.10538997499998 ], [ -77.248341781999954, -0.106047712999953 ], [ -77.248551842999973, -0.106421825999973 ], [ -77.248781329999986, -0.106729821999977 ], [ -77.249102597, -0.106976207999935 ], [ -77.24957683699995, -0.107176381999977 ], [ -77.250096962999976, -0.107314947999953 ], [ -77.25070888099998, -0.107499711999935 ], [ -77.251045433999934, -0.107607490999953 ], [ -77.251359984999965, -0.107959251999944 ], [ -77.251515070999972, -0.108170453999946 ], [ -77.251610306999964, -0.108317663999969 ], [ -77.251688569999942, -0.108475212999963 ], [ -77.251724753999952, -0.108549082999957 ], [ -77.251727957999947, -0.108527383999956 ], [ -77.252114220999943, -0.105910900999959 ], [ -77.25244380099997, -0.103098192999937 ], [ -77.252785692999964, -0.098762109999939 ], [ -77.252812509999956, -0.090818016999947 ], [ -77.252140692999944, -0.084166521999975 ], [ -77.251502872999936, -0.077967071999979 ], [ -77.251050941999949, -0.073509333999937 ], [ -77.251284381999938, -0.07128660799998 ], [ -77.251473747999967, -0.069356993999975 ], [ -77.251271604999943, -0.069407879999972 ], [ -77.250345056999947, -0.070556044999933 ], [ -77.248848310999961, -0.072063023999931 ], [ -77.247779149999985, -0.071991320999928 ], [ -77.246995088999938, -0.071776087999979 ], [ -77.246750702999975, -0.071622331999947 ], [ -77.246567436999953, -0.071991380999975 ], [ -77.245854676999954, -0.072278446999974 ], [ -77.244357851999951, -0.072278521999976 ], [ -77.242932339999982, -0.072996169999954 ], [ -77.241791929999977, -0.073642048999943 ], [ -77.241578132999962, -0.074359638999965 ], [ -77.241364343999976, -0.075220742999932 ], [ -77.241077248999943, -0.075317104999954 ], [ -77.239216380999949, -0.07529410099994 ], [ -77.237220670999989, -0.076585850999948 ], [ -77.235830154999974, -0.077008537999973 ], [ -77.234822809999969, -0.077370739999935 ], [ -77.233443005999959, -0.077734181999972 ], [ -77.232445109999958, -0.077662476999933 ], [ -77.231661052999982, -0.077662518999944 ], [ -77.230877006999947, -0.077949592999971 ], [ -77.230449360999955, -0.078380166999978 ], [ -77.229879148999942, -0.078595471999961 ], [ -77.229166368999984, -0.078667270999972 ], [ -77.228239763999966, -0.078882593999936 ], [ -77.22766956199996, -0.07931317699996 ], [ -77.227313218999939, -0.080246057999943 ], [ -77.227028163999989, -0.081250693999948 ], [ -77.226885661999972, -0.08225532299997 ], [ -77.226600562999977, -0.082542371999978 ], [ -77.22539226899994, -0.082650144999945 ], [ -77.224131064999938, -0.082610536999937 ], [ -77.223107926999944, -0.082614326999931 ], [ -77.221608658999969, -0.082650357999967 ], [ -77.219756249999989, -0.082412391999981 ] ] ] ] } },
{ "type": "Feature", "properties": { "fid": 12, "Descripcion": "Limites comunitarios", "Comunidad": "Comuna Dashino", "categoria": "Tierra Comunitaría", "status": "Titulada", "etnias": "Kichwa", "area_sig_h": 5306.92, "fuente": "Proyecto Dashino Ecociencia 2012", "fecha_atua": "may/2024" }, "geometry": { "type": "MultiPolygon", "coordinates": [ [ [ [ -77.375891964999937, -0.034261397999956 ], [ -77.375694924999948, -0.034337003999951 ], [ -77.363975826999933, -0.052116035999973 ], [ -77.355666398999972, -0.042935057999955 ], [ -77.354819518999989, -0.042805954999949 ], [ -77.353384373999972, -0.042382944999929 ], [ -77.35245591599994, -0.041864820999933 ], [ -77.352173600999947, -0.041486701999929 ], [ -77.352047950999975, -0.040322670999956 ], [ -77.351858397999933, -0.040200550999941 ], [ -77.351753880999979, -0.040242406999937 ], [ -77.351680434999935, -0.04036580099995 ], [ -77.351722110999958, -0.040757577999955 ], [ -77.352075387999946, -0.042059094999956 ], [ -77.351983809999979, -0.042381360999968 ], [ -77.351387520999936, -0.042867620999971 ], [ -77.351235423999981, -0.043185549999976 ], [ -77.351186949999942, -0.04360580499997 ], [ -77.351462635999951, -0.044442776999972 ], [ -77.351481503999935, -0.04483364999993 ], [ -77.351334613999938, -0.045080437999957 ], [ -77.351026098999967, -0.045366823999927 ], [ -77.350649074999978, -0.045650499999965 ], [ -77.350148764999972, -0.045872077999945 ], [ -77.35005700399995, -0.046065348999946 ], [ -77.350113853999972, -0.04646743099994 ], [ -77.350482106999948, -0.046986746999949 ], [ -77.351248046999956, -0.047567336999975 ], [ -77.351966835999974, -0.047893643999942 ], [ -77.352628957999968, -0.047919383999954 ], [ -77.353206589999957, -0.048056584999927 ], [ -77.353497518999973, -0.048217118999958 ], [ -77.353850589, -0.048540634999938 ], [ -77.353858055999979, -0.048931146999962 ], [ -77.353783903999954, -0.049364327999967 ], [ -77.353635578999956, -0.049645465999959 ], [ -77.353539774999945, -0.04975647599997 ], [ -77.352781500999981, -0.050140145999933 ], [ -77.352473437999947, -0.050414961999934 ], [ -77.351251081999976, -0.05213479899993 ], [ -77.351221107999947, -0.052604137999936 ], [ -77.351331039999934, -0.053296931999967 ], [ -77.35152626699994, -0.053855393999925 ], [ -77.351700291999975, -0.054080202999955 ], [ -77.352021843999978, -0.054333661999976 ], [ -77.352573530999962, -0.054550229999961 ], [ -77.354615577999937, -0.054950875999964 ], [ -77.355731707999951, -0.055636938999953 ], [ -77.357179692999978, -0.056026035999935 ], [ -77.357584835999944, -0.056190991999927 ], [ -77.359916314999964, -0.057658745999959 ], [ -77.361363154999935, -0.05865602199998 ], [ -77.361615196999935, -0.059028008999974 ], [ -77.361730510999962, -0.059198199999969 ], [ -77.361931120999941, -0.059619073999954 ], [ -77.362034041999948, -0.060098437999955 ], [ -77.361996514999987, -0.060232225999926 ], [ -77.361958898999944, -0.060366102999978 ], [ -77.361870566999983, -0.060867622999979 ], [ -77.361660294999979, -0.061272514999928 ], [ -77.361218096999949, -0.06176021999994 ], [ -77.36108502899998, -0.061800903999938 ], [ -77.360123378999958, -0.061981647999971 ], [ -77.359551231999944, -0.061993786999949 ], [ -77.358885871999973, -0.061761408999928 ], [ -77.357783386999984, -0.061018492999949 ], [ -77.357069447999947, -0.060800037999968 ], [ -77.356512563999956, -0.060774027999969 ], [ -77.356150982999964, -0.060955106999927 ], [ -77.355875427999933, -0.061277200999939 ], [ -77.355786455999976, -0.061503194999943 ], [ -77.355690794999987, -0.06277335599998 ], [ -77.355025778999959, -0.064273691999972 ], [ -77.354293152999958, -0.065748540999948 ], [ -77.354268654999942, -0.066080386999943 ], [ -77.354302161999954, -0.06639152899993 ], [ -77.354444860999934, -0.066833197999927 ], [ -77.35446806799996, -0.067694763999953 ], [ -77.353983003999986, -0.069271026999957 ], [ -77.353987337999968, -0.069741719999968 ], [ -77.354219217999969, -0.070531138999968 ], [ -77.354670290999934, -0.071558559999971 ], [ -77.355181698999957, -0.072507964999943 ], [ -77.355956479999975, -0.073694101999934 ], [ -77.355996445999949, -0.073882304999927 ], [ -77.355993669999975, -0.074032994999925 ], [ -77.355427244999987, -0.075271633999932 ], [ -77.355420624999965, -0.075730394999937 ], [ -77.355490585999974, -0.075985579999951 ], [ -77.35558532899995, -0.076230095999961 ], [ -77.355823291999968, -0.076537881999968 ], [ -77.356196036999961, -0.076942473999964 ], [ -77.356365120999953, -0.077083211999934 ], [ -77.357194454999956, -0.077515529999971 ], [ -77.358328717999939, -0.07794340099997 ], [ -77.359728957999948, -0.078674985999953 ], [ -77.360606682999958, -0.079030462999924 ], [ -77.361812434999933, -0.079765853999959 ], [ -77.364164749999986, -0.080993289999924 ], [ -77.364718334999964, -0.081450930999949 ], [ -77.365056869999989, -0.081854255999929 ], [ -77.365116331999957, -0.082194409999943 ], [ -77.36500105999994, -0.082520563999935 ], [ -77.364942707999944, -0.082721968999977 ], [ -77.365039258999957, -0.083173307999971 ], [ -77.365072191999957, -0.084341758999926 ], [ -77.365142694999975, -0.084611765999966 ], [ -77.366823874999966, -0.086627932999932 ], [ -77.36690389499995, -0.086917916999937 ], [ -77.366710753999939, -0.086887465999951 ], [ -77.366410213999984, -0.086680749999971 ], [ -77.365863557999944, -0.085967217999951 ], [ -77.365812160999951, -0.085900131999949 ], [ -77.365272756999957, -0.085374244999969 ], [ -77.365178732999937, -0.085165346999929 ], [ -77.365160863999961, -0.085125753999932 ], [ -77.365072946999987, -0.084930414999974 ], [ -77.364646291999975, -0.083955795999941 ], [ -77.364579193999987, -0.083534104999956 ], [ -77.364524582999934, -0.083223327999974 ], [ -77.364478897999959, -0.082015374999969 ], [ -77.364257715999941, -0.081536290999964 ], [ -77.362865295999939, -0.080896913999936 ], [ -77.362552544999971, -0.080712615999971 ], [ -77.362388933999966, -0.080511223999963 ], [ -77.362182857999983, -0.080390105999925 ], [ -77.360644439999987, -0.079812294999954 ], [ -77.359839007999938, -0.079654690999973 ], [ -77.358532774999958, -0.078857925999955 ], [ -77.358090172999937, -0.07848497699996 ], [ -77.357609237999952, -0.078213815999959 ], [ -77.357155323999962, -0.077840505999973 ], [ -77.356117124999969, -0.077203361999977 ], [ -77.355530223999949, -0.076721582999937 ], [ -77.355367598999976, -0.076497228999926 ], [ -77.355254624999986, -0.076171446999979 ], [ -77.355149361999963, -0.075650951999933 ], [ -77.355145922999952, -0.075157388999969 ], [ -77.355233353999949, -0.074678826999957 ], [ -77.355236386999934, -0.074311636999937 ], [ -77.355387113999939, -0.073682470999927 ], [ -77.355405422, -0.07350357599995 ], [ -77.355335908999962, -0.073236910999924 ], [ -77.354726454999934, -0.072455829999967 ], [ -77.354049284999974, -0.071362250999925 ], [ -77.353829809, -0.07083733099995 ], [ -77.353597271999945, -0.06948555699995 ], [ -77.353680026999939, -0.068834699999968 ], [ -77.35401068699997, -0.067986855999948 ], [ -77.353906819999963, -0.066559774999973 ], [ -77.353896464999934, -0.065951137999946 ], [ -77.353963333999957, -0.06541445199997 ], [ -77.35408192899996, -0.065017335999926 ], [ -77.354979125999989, -0.063135876999979 ], [ -77.355301422999958, -0.061920485999963 ], [ -77.355349073999946, -0.061291144999927 ], [ -77.355550991999962, -0.060805527999946 ], [ -77.35618623199997, -0.060061358999974 ], [ -77.356386100999941, -0.059919880999928 ], [ -77.35686001199997, -0.059789146999947 ], [ -77.357088800999975, -0.059786605999932 ], [ -77.357504808999977, -0.059963402999927 ], [ -77.358279014999937, -0.060624615999927 ], [ -77.358828904999939, -0.060887010999977 ], [ -77.359745321999981, -0.061129231999928 ], [ -77.360325283999941, -0.06120911599993 ], [ -77.360730683999975, -0.061075673999937 ], [ -77.361140925999962, -0.060816219999936 ], [ -77.361403730999939, -0.060528116999933 ], [ -77.361610312999971, -0.059927969999933 ], [ -77.361543941999969, -0.059581124999966 ], [ -77.361417775999939, -0.059300812999936 ], [ -77.361013068999966, -0.058837460999939 ], [ -77.359775898999942, -0.058031995999954 ], [ -77.358610285999987, -0.057148966999932 ], [ -77.356847478999953, -0.056334389999961 ], [ -77.356218761999969, -0.056332968999925 ], [ -77.355673098999944, -0.056254346999935 ], [ -77.355211834999977, -0.056064262999939 ], [ -77.354744279999977, -0.055747713999949 ], [ -77.354197425999985, -0.05511830699993 ], [ -77.353824788999987, -0.055000534999976 ], [ -77.35323944199996, -0.055058050999946 ], [ -77.35223898299995, -0.054915896999944 ], [ -77.351363398999979, -0.054216262999944 ], [ -77.351105681999968, -0.053793126999949 ], [ -77.350649048999969, -0.052616272999956 ], [ -77.350650551999934, -0.051996694999957 ], [ -77.350730813999974, -0.051701366999964 ], [ -77.351022530999956, -0.051263294999956 ], [ -77.351655355999981, -0.050578246999976 ], [ -77.352146212999969, -0.049725158999934 ], [ -77.352858783999977, -0.049339863999933 ], [ -77.353050480999968, -0.049117752999962 ], [ -77.353151306999962, -0.04888073099994 ], [ -77.353129656999954, -0.048558558999957 ], [ -77.352999901999965, -0.048369905999948 ], [ -77.352888019999966, -0.048308168999938 ], [ -77.352524542999959, -0.048248158999968 ], [ -77.352145624999935, -0.048290748999932 ], [ -77.351624560999937, -0.048167194999962 ], [ -77.350563206999936, -0.047540693999963 ], [ -77.349847815999965, -0.046835715999975 ], [ -77.349584078999953, -0.046274722999954 ], [ -77.349578407999957, -0.045838378999974 ], [ -77.349669178999989, -0.045566553999947 ], [ -77.350258463999978, -0.045118890999959 ], [ -77.350711177999983, -0.04465450999993 ], [ -77.350809125999945, -0.044199269999979 ], [ -77.35075182199995, -0.043623264999951 ], [ -77.350761941999963, -0.04278592199995 ], [ -77.35096952899994, -0.042449730999977 ], [ -77.351453761999949, -0.042055406999964 ], [ -77.351565544999971, -0.041830225999945 ], [ -77.351408537999987, -0.040010911999957 ], [ -77.351250680999954, -0.039893220999943 ], [ -77.350884150999946, -0.039839535999931 ], [ -77.35052319, -0.03985030299998 ], [ -77.350213329999974, -0.040171038999972 ], [ -77.349561198999936, -0.041052243999957 ], [ -77.349270907999937, -0.041167236999968 ], [ -77.348866251999937, -0.041224200999977 ], [ -77.348696064999956, -0.041248158999963 ], [ -77.348450390999972, -0.041100909999955 ], [ -77.348133863999976, -0.040721343999962 ], [ -77.347215976999962, -0.039354481999965 ], [ -77.346941736999952, -0.038769983999941 ], [ -77.346569449999947, -0.038353897999968 ], [ -77.346322787999952, -0.03822951899997 ], [ -77.345989033999956, -0.038285393999956 ], [ -77.345685542999945, -0.038445765999938 ], [ -77.345400281999957, -0.038721574999954 ], [ -77.345263447999969, -0.03900316499994 ], [ -77.345209667999939, -0.03920764399993 ], [ -77.345218476999946, -0.039563716999965 ], [ -77.345375262999937, -0.039937050999924 ], [ -77.345646624999972, -0.040303330999961 ], [ -77.346337772999959, -0.041041671999949 ], [ -77.346389405999957, -0.041181423999944 ], [ -77.346253918999935, -0.041428662999976 ], [ -77.34591074399998, -0.041725174999954 ], [ -77.345263350999971, -0.041906439999934 ], [ -77.345062491999954, -0.042070787999933 ], [ -77.345035745999951, -0.042459946999941 ], [ -77.345265817999973, -0.043295115999967 ], [ -77.345325364999951, -0.043813901999954 ], [ -77.34528129499995, -0.044351492999965 ], [ -77.345103431999974, -0.044803663999971 ], [ -77.344909579999978, -0.045082996999952 ], [ -77.344529322999961, -0.045446946999959 ], [ -77.344014467999955, -0.045748256999957 ], [ -77.343829138999979, -0.045809912999971 ], [ -77.343326035999951, -0.045813274999944 ], [ -77.342513516999986, -0.045236182999929 ], [ -77.342467342999953, -0.045314769999948 ], [ -77.342549323999947, -0.045578845999955 ], [ -77.328504439999961, -0.065184053999928 ], [ -77.327620201999935, -0.06917445299996 ], [ -77.327598006999949, -0.069274607999944 ], [ -77.327536820999967, -0.069288675999928 ], [ -77.327569060999963, -0.069317729999966 ], [ -77.326461897999934, -0.070850097999937 ], [ -77.324939536999977, -0.073078996999925 ], [ -77.320787666999934, -0.078651179999952 ], [ -77.320335677999935, -0.079068847999963 ], [ -77.320105429999956, -0.079281611999932 ], [ -77.320656808999956, -0.080036966999955 ], [ -77.321139207999977, -0.080560616999946 ], [ -77.322105154999974, -0.081286731999967 ], [ -77.32303070599994, -0.082171948999928 ], [ -77.32364645399997, -0.082792586999972 ], [ -77.324793640999985, -0.084145417999935 ], [ -77.325328467999952, -0.084499023999967 ], [ -77.325579278999953, -0.08480717599997 ], [ -77.325709686999971, -0.085271271999943 ], [ -77.32560538499996, -0.085886888999937 ], [ -77.325911169999983, -0.08654144299993 ], [ -77.325965354999937, -0.087197729999957 ], [ -77.325958630999935, -0.087369576999947 ], [ -77.32562259599996, -0.088354936999963 ], [ -77.325616876999959, -0.088790836999976 ], [ -77.325734249999982, -0.089001909999979 ], [ -77.326400724999985, -0.089498332999938 ], [ -77.327821961999973, -0.08940440899994 ], [ -77.328793269999949, -0.089706095999929 ], [ -77.329331326999977, -0.089979423999978 ], [ -77.330974703999971, -0.091213790999973 ], [ -77.332232772999987, -0.092364380999925 ], [ -77.333551357999966, -0.093425560999947 ], [ -77.334473091999939, -0.094987659999958 ], [ -77.334588555999972, -0.095138338999959 ], [ -77.334799336999936, -0.095413409999935 ], [ -77.335261619999983, -0.095867444999953 ], [ -77.336161383999979, -0.096533611999973 ], [ -77.336443806999966, -0.096911814999942 ], [ -77.337046778999934, -0.09843858499994 ], [ -77.337412812999958, -0.09901511299995 ], [ -77.340066578999938, -0.102170780999927 ], [ -77.34061401799994, -0.10307570599997 ], [ -77.340981149999948, -0.103916281999943 ], [ -77.341154845999938, -0.104439396999965 ], [ -77.341367389999959, -0.105721482999968 ], [ -77.341482970999948, -0.105978472999936 ], [ -77.341523668999969, -0.10628464499996 ], [ -77.341659422999953, -0.107305036999946 ], [ -77.341780488999973, -0.107643021999934 ], [ -77.342110168999966, -0.108343934999937 ], [ -77.342307750999964, -0.108852945999956 ], [ -77.342414727999937, -0.109319747999962 ], [ -77.342464107999945, -0.110388868999962 ], [ -77.342599877999987, -0.111587612999926 ], [ -77.342619598999988, -0.11230183899994 ], [ -77.34255670899995, -0.112974487999963 ], [ -77.342228963999958, -0.114040475999957 ], [ -77.341755569999975, -0.115031989999977 ], [ -77.341703706999965, -0.115477561999967 ], [ -77.342032722999988, -0.117865823999978 ], [ -77.342062437999971, -0.118853951999938 ], [ -77.342349215999945, -0.119702845999939 ], [ -77.342858332999981, -0.120709553999973 ], [ -77.343106175999935, -0.121099609999931 ], [ -77.344128165999962, -0.122708026999931 ], [ -77.344204047999938, -0.122827435999966 ], [ -77.344843138999977, -0.124309616999938 ], [ -77.345406025999978, -0.125111838999942 ], [ -77.345962973999974, -0.125776114999951 ], [ -77.346370931999957, -0.126159178999956 ], [ -77.34716255799998, -0.127043177999951 ], [ -77.347520742999961, -0.127443159999928 ], [ -77.347996015999968, -0.127858084999957 ], [ -77.348372204999976, -0.127734289999978 ], [ -77.353074806999985, -0.124677648999977 ], [ -77.356129688999943, -0.123190029999932 ], [ -77.36026885299998, -0.119024072999935 ], [ -77.362923454999986, -0.118541443999959 ], [ -77.368447798999966, -0.117537074999973 ], [ -77.373177963999979, -0.115553594999938 ], [ -77.375641678999955, -0.113867427999935 ], [ -77.377711256999987, -0.11198279499996 ], [ -77.379288155999973, -0.109899684999959 ], [ -77.380569337999987, -0.108610172999931 ], [ -77.381653605999986, -0.105832557999975 ], [ -77.382253575999982, -0.104398475999972 ], [ -77.38244214499997, -0.103947749999975 ], [ -77.382442386999969, -0.101728175999938 ], [ -77.382434647999958, -0.101725669999951 ], [ -77.382259486999942, -0.100225377999948 ], [ -77.38208431299995, -0.098813338999946 ], [ -77.38190909399998, -0.097842555999932 ], [ -77.381558550999955, -0.096871754999938 ], [ -77.381295847, -0.094135938999955 ], [ -77.381471323999961, -0.092547433999925 ], [ -77.382435599999951, -0.092459277999978 ], [ -77.382172736999962, -0.091223732999936 ], [ -77.383312343999989, -0.091047340999978 ], [ -77.383137130999955, -0.089900055999976 ], [ -77.382874198999957, -0.089370521999967 ], [ -77.383663170999966, -0.08910584299997 ], [ -77.384715101999973, -0.089105943999925 ], [ -77.385241108999935, -0.088664734999952 ], [ -77.385504115999936, -0.088400004999926 ], [ -77.385065826999949, -0.088223460999927 ], [ -77.38524119899995, -0.08769396699995 ], [ -77.386468443999945, -0.08778233299995 ], [ -77.38716973399994, -0.08778239999998 ], [ -77.387871102999952, -0.086899946999949 ], [ -77.389361345999987, -0.086900083999979 ], [ -77.391202427999986, -0.084782201999928 ], [ -77.392692642999975, -0.085135345999959 ], [ -77.393394006999984, -0.084341136999967 ], [ -77.394446018999986, -0.083546958999932 ], [ -77.39497205899994, -0.08275273199996 ], [ -77.395585746999984, -0.082135017999974 ], [ -77.397426699999983, -0.081517407999968 ], [ -77.399267623999947, -0.081341061999979 ], [ -77.40014425399994, -0.081252884999969 ], [ -77.401283939999985, -0.080370449999975 ], [ -77.401283998999986, -0.07966442399993 ], [ -77.401810010999952, -0.07922320299997 ], [ -77.402774306999959, -0.079135029999975 ], [ -77.402774414999953, -0.077811230999941 ], [ -77.401993322999942, -0.077470521999942 ], [ -77.400933551999969, -0.07719330599997 ], [ -77.400670543, -0.077458044999958 ], [ -77.399881516999983, -0.078252257999964 ], [ -77.398303514999952, -0.079222907999963 ], [ -77.397251532999974, -0.079664083999944 ], [ -77.396199587999945, -0.079663995999965 ], [ -77.396112007999989, -0.078693207999947 ], [ -77.397777679999933, -0.077546059999975 ], [ -77.398479055999985, -0.076575335999962 ], [ -77.399005071999966, -0.076045859999965 ], [ -77.399794066999959, -0.075604658999964 ], [ -77.400583082999958, -0.074898696999981 ], [ -77.401284438999937, -0.074192725999978 ], [ -77.401898130999939, -0.073486748999926 ], [ -77.402336483999989, -0.072957262999978 ], [ -77.402687179999987, -0.072339515999943 ], [ -77.402599576999989, -0.07154522899998 ], [ -77.402950246999978, -0.071280495999929 ], [ -77.403739268999971, -0.070486273999961 ], [ -77.404528284999969, -0.069780303999949 ], [ -77.404916497999977, -0.06969348299998 ], [ -77.40498069399996, -0.06963473899998 ], [ -77.405164906999971, -0.069466167999963 ], [ -77.405144222, -0.069440709999924 ], [ -77.404196041999967, -0.068273844999965 ], [ -77.402150529999972, -0.06762337899994 ], [ -77.400758619999976, -0.066422104999958 ], [ -77.399232105999943, -0.065104663999932 ], [ -77.399255095999933, -0.065080120999937 ], [ -77.399309642999981, -0.065021890999958 ], [ -77.39887919399996, -0.06209543999995 ], [ -77.398017978999974, -0.06101152399998 ], [ -77.396833933999972, -0.057434717999968 ], [ -77.396660751999946, -0.057391120999966 ], [ -77.394680763999986, -0.056892661999939 ], [ -77.394679434999944, -0.056891611999959 ], [ -77.393173591999982, -0.055700334999926 ], [ -77.392850675999966, -0.054616462999945 ], [ -77.391774102999989, -0.054182860999958 ], [ -77.391128250999941, -0.052231892999941 ], [ -77.388759818999972, -0.050822761999939 ], [ -77.388436933999969, -0.048980204999964 ], [ -77.38826856999998, -0.048964786999932 ], [ -77.387252688, -0.04887175999994 ], [ -77.387207282999952, -0.048839104999956 ], [ -77.386499103999938, -0.04832979899993 ], [ -77.386416331999953, -0.048350626999934 ], [ -77.385207178999963, -0.04865488799993 ], [ -77.385168322999959, -0.048576641999944 ], [ -77.384561290999955, -0.047354243999962 ], [ -77.385314949999952, -0.046378820999962 ], [ -77.385315003999949, -0.045186591999936 ], [ -77.384453792999977, -0.043885940999928 ], [ -77.384346181999945, -0.042802093999967 ], [ -77.383807937999961, -0.041609843999936 ], [ -77.38359268399995, -0.040092455999968 ], [ -77.383485072999974, -0.038900226999942 ], [ -77.382085532999952, -0.038358250999977 ], [ -77.381116667999947, -0.036732454999935 ], [ -77.380578438999976, -0.034998293999934 ], [ -77.380425156999934, -0.035018863999937 ], [ -77.378963557999953, -0.035215004999941 ], [ -77.378857448999952, -0.035161587999937 ], [ -77.377671683999949, -0.034564657999965 ], [ -77.377535232999946, -0.034538895999958 ], [ -77.375949170999945, -0.034239448999926 ], [ -77.375936240999977, -0.034234025999979 ], [ -77.375935234999986, -0.03424479499995 ], [ -77.375891964999937, -0.034261397999956 ] ] ] ] } },
{ "type": "Feature", "properties": { "fid": 13, "Descripcion": "Limites comunitarios", "Comunidad": "Reserva Comuna Dashino", "categoria": "Tierra Comunitaría", "status": "Sin reconocimiento", "etnias": "Kichwa", "area_sig_h": 1953.32, "fuente": "Proyecto Dashino Ecociencia 2012", "fecha_atua": "may/2024" }, "geometry": { "type": "MultiPolygon", "coordinates": [ [ [ [ -77.347996015999968, -0.127858084999957 ], [ -77.348194952999961, -0.128031760999932 ], [ -77.348766988999955, -0.128399047999949 ], [ -77.349488476999966, -0.128862295999966 ], [ -77.350830659999986, -0.129582357999936 ], [ -77.351033506999954, -0.129691177999973 ], [ -77.351988031999952, -0.13012987299993 ], [ -77.352319657999942, -0.130418205999945 ], [ -77.352703733999988, -0.130823235999969 ], [ -77.353236200999959, -0.131819352999969 ], [ -77.353598533999957, -0.133021860999975 ], [ -77.353698324999982, -0.133371321999959 ], [ -77.353891620999946, -0.134048191999966 ], [ -77.353984605999983, -0.134591192999949 ], [ -77.353948721999984, -0.134922588999927 ], [ -77.354023543999972, -0.135200911999959 ], [ -77.354098277999981, -0.135479234999934 ], [ -77.354736811999942, -0.136685961999945 ], [ -77.355045541999971, -0.136973300999955 ], [ -77.355480428999954, -0.137254208999934 ], [ -77.355831520999971, -0.137336705999928 ], [ -77.357016623999982, -0.137727008999946 ], [ -77.357611247999955, -0.138014047999945 ], [ -77.358404390999965, -0.138193946999934 ], [ -77.359250968999959, -0.138467851999962 ], [ -77.360150174999944, -0.138858452999955 ], [ -77.360982761999935, -0.139307816999974 ], [ -77.361520715999973, -0.13947400099994 ], [ -77.363295766999954, -0.140138049999962 ], [ -77.363334647999977, -0.140152598999975 ], [ -77.363903659999949, -0.140220608999925 ], [ -77.364298570999949, -0.140350647999981 ], [ -77.364675363999936, -0.140652168999964 ], [ -77.365146815999935, -0.141163939999956 ], [ -77.365173033999952, -0.14120841099998 ], [ -77.366025659999934, -0.142655465999951 ], [ -77.367099500999984, -0.14387686799995 ], [ -77.367440914999975, -0.144167814999946 ], [ -77.368154071999982, -0.14456114099994 ], [ -77.368450389999964, -0.144658826999944 ], [ -77.368642190999935, -0.144739620999928 ], [ -77.369151673999966, -0.144853916999978 ], [ -77.36946164699998, -0.145016052999949 ], [ -77.369809342999986, -0.145281055999931 ], [ -77.370590271999959, -0.145494847999942 ], [ -77.370958703999975, -0.145704434999971 ], [ -77.371193957999935, -0.145742466999934 ], [ -77.371724883999946, -0.145699743999955 ], [ -77.371990131999951, -0.145771217999936 ], [ -77.372146823999969, -0.145857619999958 ], [ -77.37342883599996, -0.147429813999963 ], [ -77.374021664999987, -0.147762674999967 ], [ -77.375832603999982, -0.149095260999957 ], [ -77.377412044999971, -0.151084496999943 ], [ -77.377666532999967, -0.151300873999958 ], [ -77.37833055699997, -0.151567645999933 ], [ -77.378684868999983, -0.151569956999936 ], [ -77.37911216599997, -0.151460260999954 ], [ -77.379661198999941, -0.151160270999981 ], [ -77.380028134999975, -0.150841679999928 ], [ -77.381016313999964, -0.150421055999971 ], [ -77.38136333999995, -0.150319684999943 ], [ -77.382548003999943, -0.150136234999934 ], [ -77.38281511799994, -0.150031890999969 ], [ -77.383607230999985, -0.149947827999938 ], [ -77.384672187999968, -0.149610449999955 ], [ -77.385551344999953, -0.149059310999974 ], [ -77.385882637999941, -0.148773809999966 ], [ -77.386549130999981, -0.14781275699994 ], [ -77.386625699999968, -0.14760918099995 ], [ -77.386830118999967, -0.146481040999959 ], [ -77.387010316999977, -0.144683986999951 ], [ -77.387161544999969, -0.144035754999948 ], [ -77.387265271, -0.142896490999931 ], [ -77.387391413999978, -0.141511023999954 ], [ -77.387619986999937, -0.141221557999927 ], [ -77.38801889399997, -0.14096163399995 ], [ -77.390585469999962, -0.140521873999944 ], [ -77.391042497999933, -0.14052815499997 ], [ -77.391677228999981, -0.14066756699998 ], [ -77.392835496999965, -0.140574883999932 ], [ -77.393020814999943, -0.140513215999931 ], [ -77.393274075999955, -0.14017873399996 ], [ -77.39318336499997, -0.139952396999945 ], [ -77.39291389999994, -0.139853804999973 ], [ -77.391490121999936, -0.13990294499996 ], [ -77.391173605999938, -0.139810323999939 ], [ -77.390444913999943, -0.139268486999924 ], [ -77.390467835999971, -0.139214987999935 ], [ -77.390654072999951, -0.138780338999936 ], [ -77.390897541999948, -0.138399665999941 ], [ -77.391206566999983, -0.138101786999925 ], [ -77.391674787999989, -0.137821608999957 ], [ -77.392874779999943, -0.137496796999926 ], [ -77.393269394999948, -0.137389997999946 ], [ -77.394026398999983, -0.137327640999956 ], [ -77.394251940999936, -0.137261811999963 ], [ -77.394581545999984, -0.137165508999942 ], [ -77.395633867999948, -0.137149041999976 ], [ -77.39636853899998, -0.137361120999969 ], [ -77.397690865999948, -0.13745843199996 ], [ -77.398360251999975, -0.137587716999974 ], [ -77.398797603999981, -0.137512826999966 ], [ -77.400877732999959, -0.137524728999949 ], [ -77.40182273399995, -0.137331914999947 ], [ -77.402828541999952, -0.137336513999969 ], [ -77.403161384999976, -0.13730348699994 ], [ -77.404396658999985, -0.13699575399994 ], [ -77.405292910999947, -0.136881316999961 ], [ -77.405458397999951, -0.13696129799996 ], [ -77.405859934999967, -0.13699524499998 ], [ -77.406436539999959, -0.136868455999945 ], [ -77.407850739999958, -0.136372508999955 ], [ -77.409781867999982, -0.136103214999935 ], [ -77.410647848999986, -0.135884287999943 ], [ -77.411346751999986, -0.135842636999939 ], [ -77.412142192999966, -0.13596530999996 ], [ -77.412451776999944, -0.135942860999933 ], [ -77.412579092999977, -0.135901900999954 ], [ -77.412723273999973, -0.135723903999974 ], [ -77.413381129999948, -0.135565921999955 ], [ -77.413510773999974, -0.135467652999978 ], [ -77.414877473999979, -0.135015825999972 ], [ -77.415170073999946, -0.13484350899995 ], [ -77.415958736999983, -0.134552818999964 ], [ -77.41649868199994, -0.134195083999941 ], [ -77.416833759999975, -0.134104838999974 ], [ -77.416930814999944, -0.134051406999959 ], [ -77.417199290999974, -0.133903625999949 ], [ -77.415943385999981, -0.131233901999963 ], [ -77.41476102699994, -0.129944021999961 ], [ -77.413086049999947, -0.127860410999972 ], [ -77.413028960999952, -0.127705158999959 ], [ -77.410833914999955, -0.128469763999931 ], [ -77.406229862999965, -0.130062352999971 ], [ -77.405758995999975, -0.129903303999924 ], [ -77.405731617999948, -0.129894055999955 ], [ -77.404985179999983, -0.129641925999977 ], [ -77.404761834999988, -0.128920641999969 ], [ -77.401758308999945, -0.119221071999959 ], [ -77.401516470999979, -0.11844006299998 ], [ -77.400732602999938, -0.115908592999972 ], [ -77.399702742999978, -0.112582677999967 ], [ -77.399571500999969, -0.112479620999977 ], [ -77.399527428999988, -0.11249440399996 ], [ -77.39865089999995, -0.11170002199998 ], [ -77.39751130999997, -0.111523378999948 ], [ -77.396634886999948, -0.109846472999948 ], [ -77.389797917999942, -0.104109280999978 ], [ -77.382442386999969, -0.101728175999938 ], [ -77.38244214499997, -0.103947749999975 ], [ -77.382253575999982, -0.104398475999972 ], [ -77.381653605999986, -0.105832557999975 ], [ -77.380569337999987, -0.108610172999931 ], [ -77.379288155999973, -0.109899684999959 ], [ -77.377711256999987, -0.11198279499996 ], [ -77.375641678999955, -0.113867427999935 ], [ -77.373177963999979, -0.115553594999938 ], [ -77.368447798999966, -0.117537074999973 ], [ -77.362923454999986, -0.118541443999959 ], [ -77.36026885299998, -0.119024072999935 ], [ -77.356129688999943, -0.123190029999932 ], [ -77.353074806999985, -0.124677648999977 ], [ -77.348372204999976, -0.127734289999978 ], [ -77.347996015999968, -0.127858084999957 ] ] ] ] } },
{ "type": "Feature", "properties": { "fid": 14, "Descripcion": "Limites comunitarios", "Comunidad": "Panduyacu Sector 2", "categoria": "Tierra Comunitaría", "status": "Sin reconocimiento", "etnias": "Kichwa", "area_sig_h": 330.03, "fuente": "Proyecto Dashino Ecociencia 2012", "fecha_atua": "may/2024" }, "geometry": { "type": "MultiPolygon", "coordinates": [ [ [ [ -77.308223466999948, -0.054990606999979 ], [ -77.30829885199995, -0.05534195599995 ], [ -77.30845091599997, -0.05641516999998 ], [ -77.308452743999965, -0.057241598999951 ], [ -77.308395478999955, -0.057824585999924 ], [ -77.307696720999957, -0.06047132499998 ], [ -77.307118757999945, -0.063535975999969 ], [ -77.307106061999946, -0.064728975999969 ], [ -77.306830909999974, -0.066198791999966 ], [ -77.307021765999934, -0.067158732999928 ], [ -77.307794354999942, -0.069024807999938 ], [ -77.308121942999946, -0.069416310999941 ], [ -77.308640346999937, -0.069895491999944 ], [ -77.309381462999966, -0.070819424999968 ], [ -77.310469463999937, -0.071929018999924 ], [ -77.312358812999946, -0.07359768799995 ], [ -77.312476440999944, -0.073647087999973 ], [ -77.313292239999953, -0.073989698999981 ], [ -77.314551505999987, -0.073946873999944 ], [ -77.314983954999946, -0.073998107999955 ], [ -77.31518850599997, -0.074029012999972 ], [ -77.316099572999974, -0.074408729999959 ], [ -77.317173266999987, -0.075012717999925 ], [ -77.317431893999981, -0.075412988999972 ], [ -77.318140396, -0.076002801999948 ], [ -77.318687271999977, -0.076632307999944 ], [ -77.319546549999984, -0.077457598999956 ], [ -77.319906107999941, -0.07790767299997 ], [ -77.319894122999983, -0.078790866999952 ], [ -77.319984294999983, -0.079115663999971 ], [ -77.320105429999956, -0.079281611999932 ], [ -77.320335677999935, -0.079068847999963 ], [ -77.320787666999934, -0.078651179999952 ], [ -77.324939536999977, -0.073078996999925 ], [ -77.326461897999934, -0.070850097999937 ], [ -77.327569060999963, -0.069317729999966 ], [ -77.327536820999967, -0.069288675999928 ], [ -77.324667957999964, -0.06670337099996 ], [ -77.310581644999957, -0.054009200999928 ], [ -77.310579179999934, -0.054011358999958 ], [ -77.310432459999959, -0.053676863999954 ], [ -77.31043301699998, -0.053703778999932 ], [ -77.308334970999965, -0.055003690999968 ], [ -77.308223466999948, -0.054990606999979 ] ] ] ] } },
{ "type": "Feature", "properties": { "fid": 16, "Descripcion": "Lindero ancestral Siona segun levantamiento de las comunidades.  Aun se estan verificando los limites territoriales,  pero este el lo mas actualizado (hasta 2023).", "Comunidad": "Siona Cuyabeno", "categoria": "Tierra Comunitaría", "status": "Sin reconocimiento", "etnias": "Siona", "area_sig_h": 132636.59, "fuente": "Nacionalidad Siona/Amazon Frontlines", "fecha_atua": "Ago/2023" }, "geometry": { "type": "MultiPolygon", "coordinates": [ [ [ [ -76.257800862871193, -0.109810963816667 ], [ -76.258271308317106, -0.109468875645479 ], [ -76.258236441064724, -0.109082967193315 ], [ -76.258158011172512, -0.108565490279247 ], [ -76.258114437993186, -0.108179573116014 ], [ -76.258044716138173, -0.107705955564389 ], [ -76.257983721263798, -0.10730250060695 ], [ -76.257948855759892, -0.106951669050299 ], [ -76.25790527775041, -0.106662236105985 ], [ -76.257774556587862, -0.105662366914803 ], [ -76.257626410161961, -0.104548484595743 ], [ -76.257469546058289, -0.10335565668916 ], [ -76.257094817332131, -0.100584101760977 ], [ -76.257094753762615, -0.098908872950147 ], [ -76.256929009066454, -0.094593388331676 ], [ -76.256983961870745, -0.0906001460194 ], [ -76.256928807851537, -0.088825368404936 ], [ -76.256928693917502, -0.0853867386968 ], [ -76.256983677923429, -0.081948107241716 ], [ -76.256928509545446, -0.079507798411206 ], [ -76.256983514109677, -0.07651285742659 ], [ -76.256983416276327, -0.073074236815187 ], [ -76.257038386927263, -0.068859136259185 ], [ -76.265356766518082, -0.057544761257075 ], [ -76.267395052525416, -0.054993486061678 ], [ -76.269157884732991, -0.05255314026671 ], [ -76.270535101630443, -0.050556502375754 ], [ -76.271802145161942, -0.048726252744172 ], [ -76.273399708731702, -0.046230463019422 ], [ -76.293562355600059, -0.02831620816725 ], [ -76.291579133212139, -0.028704459902445 ], [ -76.289540814736213, -0.028926320900944 ], [ -76.287171958050322, -0.029314578126403 ], [ -76.284472561648329, -0.029813759037085 ], [ -76.282709683767834, -0.030035627210395 ], [ -76.281773137922073, -0.028149956603841 ], [ -76.281277317795443, -0.027096197268194 ], [ -76.280781497452196, -0.025986982391185 ], [ -76.28028567910691, -0.025044141542815 ], [ -76.279789857931974, -0.023768542289428 ], [ -76.279183851473718, -0.022492934464972 ], [ -76.278522771392772, -0.022382020897149 ], [ -76.277586245824907, -0.02243748431224 ], [ -76.27664970996787, -0.022382037325235 ], [ -76.275437727736417, -0.022437503187084 ], [ -76.273454486003843, -0.02232660096126 ], [ -76.271195786310898, -0.022215700922891 ], [ -76.269047271847867, -0.022215719517547 ], [ -76.266788568286472, -0.022104810078358 ], [ -76.26408914336929, -0.021938448678891 ], [ -76.260898765267953, -0.0219800470994 ], [ -76.253593023997624, -0.021865633811267 ], [ -76.249243673687957, -0.021865670314524 ], [ -76.245434442394085, -0.021665369933363 ], [ -76.245150125691282, -0.015426489234846 ], [ -76.24492268656455, -0.011334015287783 ], [ -76.243984572727001, 0.003891158473114 ], [ -76.243870865037863, 0.004864192521872 ], [ -76.241340841632876, 0.005207624458121 ], [ -76.240033192769062, 0.005522435514986 ], [ -76.240061622968753, 0.006753041306802 ], [ -76.240061625862666, 0.007811942497071 ], [ -76.24011848371741, 0.008813596549306 ], [ -76.240175343125998, 0.010130059006394 ], [ -76.240205393722732, 0.0116012483722 ], [ -76.240203784747933, 0.013363982103605 ], [ -76.240203790424601, 0.014451493140445 ], [ -76.240317508196441, 0.015911049832689 ], [ -76.240488097191175, 0.01963149374454 ], [ -76.240516535031333, 0.021005193900036 ], [ -76.222579877926748, 0.075410022540032 ], [ -76.21781469086379, 0.090352168682609 ], [ -76.215899484865474, 0.094916806345062 ], [ -76.213782704359318, 0.100744053972071 ], [ -76.205072644952267, 0.101730680188641 ], [ -76.196384785040919, 0.102120396500842 ], [ -76.186979931860222, 0.089643389572692 ], [ -76.187394336852094, 0.08624160360842 ], [ -76.182986047241883, 0.08544258649589 ], [ -76.165935358573321, 0.090158271101115 ], [ -76.155438646116366, 0.092871189408157 ], [ -76.128507905996088, 0.099571083425614 ], [ -76.127430820578923, 0.10222024446199 ], [ -76.119796851810193, 0.102696154716823 ], [ -76.113852627395673, 0.103052486398504 ], [ -76.111756109060806, 0.103180870859139 ], [ -76.105788514471314, 0.10243167588376 ], [ -76.098959175533338, 0.101546334782943 ], [ -76.097602371638786, 0.099936256884697 ], [ -76.099372318480277, 0.096336033841696 ], [ -76.099515968703727, 0.092799185348068 ], [ -76.095876914874566, 0.08986850925779 ], [ -76.093055593671906, 0.089959050929746 ], [ -76.065881312176217, 0.091539942561909 ], [ -76.056309594482073, 0.095715988305846 ], [ -76.034678931479306, 0.095903873707162 ], [ -76.032172036547124, 0.095922041580959 ], [ -76.02385127366226, 0.095866811023879 ], [ -76.024123529922448, 0.086563695708204 ], [ -76.03086221672261, 0.08002819930429 ], [ -76.031058889309634, 0.079019752924325 ], [ -76.031206865925867, 0.074291273879435 ], [ -76.031206167491291, 0.07218592986165 ], [ -76.028528610896657, 0.066155832476301 ], [ -76.027674859016898, 0.058289687814103 ], [ -76.028481596785511, 0.056600314621786 ], [ -76.029013695015806, 0.052996969044193 ], [ -76.028490559737975, 0.046523704160066 ], [ -76.024085838756164, 0.03723276276982 ], [ -76.023523272306221, 0.032458430056724 ], [ -76.025863905116495, 0.029033600229642 ], [ -76.023998712040793, 0.019811964182735 ], [ -76.021907436578417, 0.005425865993903 ], [ -76.022806469667671, 0.002243319615687 ], [ -76.024611664780309, -0.002690770690846 ], [ -76.024827220587369, -0.003538549187018 ], [ -76.026258290843529, -0.009393213317332 ], [ -76.026170614835792, -0.022186185098743 ], [ -76.022788249203174, -0.024782040886963 ], [ -76.021975015342491, -0.026059759718245 ], [ -76.018915602141988, -0.028110056233076 ], [ -76.014467093930307, -0.028862570569129 ], [ -76.012053275775457, -0.029764242753685 ], [ -76.013193546016524, -0.031935966398701 ], [ -76.01400730868788, -0.033871107352218 ], [ -76.011217385796144, -0.034829093497126 ], [ -75.988292446570043, -0.043064209239297 ], [ -75.987201107549765, -0.043172630281851 ], [ -75.982511691482458, -0.043123978861805 ], [ -75.975435853609142, -0.043055103824163 ], [ -75.976004349888171, -0.019243747329776 ], [ -75.892080840013932, -0.018924037483726 ], [ -75.888518656590136, -0.093706167332235 ], [ -75.888456239605546, -0.095724886845169 ], [ -75.88843751746019, -0.096227992773449 ], [ -75.888191559583333, -0.104480937229388 ], [ -75.887981459509035, -0.109278343395699 ], [ -75.88595167379674, -0.174254935987773 ], [ -75.885881690398136, -0.176300887638152 ], [ -75.885182665681597, -0.210164924286398 ], [ -75.915116719528413, -0.243414123185944 ], [ -75.915241034028099, -0.243513269543292 ], [ -75.919324064621151, -0.248063297571822 ], [ -75.919361973249096, -0.247905521201286 ], [ -75.919362404469354, -0.247904191388604 ], [ -75.919374028662133, -0.247856924497302 ], [ -75.91966421159556, -0.246548389290937 ], [ -75.919693917709978, -0.246410207456882 ], [ -75.919706772092752, -0.246350366356255 ], [ -75.919647943138941, -0.245959658663118 ], [ -75.919555115028388, -0.245343197865228 ], [ -75.918969802733642, -0.244492150310449 ], [ -75.918231687957402, -0.243088800706106 ], [ -75.917862593637466, -0.241767980478392 ], [ -75.918067560070853, -0.241148812323233 ], [ -75.918682574203828, -0.241272603178878 ], [ -75.919666671889345, -0.242428279984838 ], [ -75.920486723802156, -0.243129923663991 ], [ -75.921306717527514, -0.242840933817383 ], [ -75.921921676023629, -0.242015359597878 ], [ -75.923110623505053, -0.241107191471887 ], [ -75.92421766064038, -0.241313503251247 ], [ -75.925037761856885, -0.242758122349225 ], [ -75.925816873941358, -0.244244021023598 ], [ -75.926841929880368, -0.244904370960721 ], [ -75.927948972111494, -0.245193235887458 ], [ -75.929219964992754, -0.244945482619158 ], [ -75.930309639170559, -0.244348815457909 ], [ -75.930565479526649, -0.244237566640426 ], [ -75.931310923438105, -0.24391342876155 ], [ -75.931802860428718, -0.243005310013016 ], [ -75.931228827185663, -0.242551316602511 ], [ -75.930326810511019, -0.242510101651287 ], [ -75.928699593051618, -0.242517849068759 ], [ -75.927948746287328, -0.241891113518328 ], [ -75.927333679904393, -0.241106902544979 ], [ -75.926677629502109, -0.240446526416285 ], [ -75.925570602208623, -0.240240223754909 ], [ -75.924340572842709, -0.240075197674908 ], [ -75.923856692343037, -0.238952515637235 ], [ -75.923774617783579, -0.237879324711203 ], [ -75.924225548724039, -0.23672355205523 ], [ -75.924799538912623, -0.236393302800403 ], [ -75.925045577193529, -0.236971161819887 ], [ -75.925414650288729, -0.238003046476485 ], [ -75.926029698807113, -0.238663426140007 ], [ -75.926604659680777, -0.238880439784934 ], [ -75.927013741361549, -0.239034847368957 ], [ -75.927751705697816, -0.238374376296854 ], [ -75.927710624325584, -0.237177360532227 ], [ -75.927710547560096, -0.236021619422061 ], [ -75.92812050673723, -0.235319893619213 ], [ -75.929063521343906, -0.235443662685979 ], [ -75.930293567664947, -0.235897622545548 ], [ -75.931646584228432, -0.235980077150666 ], [ -75.932753565143386, -0.235525969397179 ], [ -75.934051349409984, -0.234576213071244 ], [ -75.934024480102465, -0.23399865744943 ], [ -75.933122434830125, -0.2335033984431 ], [ -75.931646382336879, -0.232925631613095 ], [ -75.931072329165843, -0.23214141733121 ], [ -75.930621233797368, -0.230779320043219 ], [ -75.930908154411782, -0.22954100626819 ], [ -75.931863477739356, -0.229243950869024 ], [ -75.932274011756235, -0.229366200188724 ], [ -75.932999183295479, -0.229582146454507 ], [ -75.934493464815276, -0.229862386875264 ], [ -75.935090185872056, -0.229375631225243 ], [ -75.935500139066008, -0.228583093678486 ], [ -75.935869102189258, -0.22796392744 ], [ -75.936737886763467, -0.226458211372162 ], [ -75.936729992807003, -0.226106436387015 ], [ -75.936196981830875, -0.226065193662494 ], [ -75.935017359624482, -0.226342849746331 ], [ -75.934720953567336, -0.225817634307544 ], [ -75.934761920684068, -0.225281035084841 ], [ -75.935048860747813, -0.224331664597375 ], [ -75.935109027230311, -0.223604300066182 ], [ -75.935130800686878, -0.223341020997333 ], [ -75.93521273829414, -0.222309109138287 ], [ -75.935294673604645, -0.221235919976951 ], [ -75.935048623880107, -0.220568442000182 ], [ -75.934187582892562, -0.220073177138457 ], [ -75.933818515756656, -0.219041293377653 ], [ -75.933121454765597, -0.218133252934242 ], [ -75.932465405431074, -0.217390319078158 ], [ -75.932636246637927, -0.216766715153373 ], [ -75.932793334021397, -0.216193281838161 ], [ -75.933285293380919, -0.215408999405674 ], [ -75.933326199643943, -0.213840501951363 ], [ -75.933115769703448, -0.213162473107211 ], [ -75.932793131569525, -0.212849895566581 ], [ -75.932096121749694, -0.212767383218912 ], [ -75.931645175448296, -0.21375804997097 ], [ -75.931030227843351, -0.214666163175546 ], [ -75.930169232024085, -0.214913880386557 ], [ -75.92928071888646, -0.214514910725616 ], [ -75.928529167080626, -0.214010020528717 ], [ -75.927545094602252, -0.213060726469774 ], [ -75.925986983658689, -0.211492313562802 ], [ -75.925412932973927, -0.210666816803737 ], [ -75.925494875079352, -0.209634902415578 ], [ -75.925740806896201, -0.208479145975122 ], [ -75.924879747075735, -0.207653665563344 ], [ -75.924141672516754, -0.206497966688497 ], [ -75.924469634438552, -0.205796248468736 ], [ -75.924633590299663, -0.204929430009836 ], [ -75.92462938684028, -0.204333353836788 ], [ -75.924346534612383, -0.203971832700815 ], [ -75.924387489021157, -0.203146307903365 ], [ -75.924510425772525, -0.202114381990326 ], [ -75.924633378757349, -0.201206297619007 ], [ -75.924797326416169, -0.200174369512852 ], [ -75.925453330785501, -0.200174332254596 ], [ -75.926703323329846, -0.200226122600497 ], [ -75.927149065677085, -0.199777328254585 ], [ -75.927068110431918, -0.199227464427554 ], [ -75.926716009539916, -0.19778435664303 ], [ -75.927446325494898, -0.197153755820046 ], [ -75.928231008712558, -0.196928002122241 ], [ -75.929422040983738, -0.196575272540763 ], [ -75.930683107135579, -0.19574290533543 ], [ -75.930692886281719, -0.194977341456634 ], [ -75.930282845869229, -0.194316934764506 ], [ -75.928970774083865, -0.193119998313097 ], [ -75.92835572054058, -0.192335779020568 ], [ -75.928437685369744, -0.191634067243542 ], [ -75.928929672400741, -0.191262552604918 ], [ -75.930036681187374, -0.1912624922476 ], [ -75.933234710532645, -0.191427426977833 ], [ -75.933972708831249, -0.191303554428097 ], [ -75.934341688966214, -0.190890769632136 ], [ -75.934710651317616, -0.190147775102068 ], [ -75.935210833534626, -0.189631794503576 ], [ -75.93627683012177, -0.189466636179633 ], [ -75.938285863148053, -0.189796736234774 ], [ -75.938859862167362, -0.189796704874769 ], [ -75.938982841338998, -0.189342656823442 ], [ -75.938285816543114, -0.188929930710307 ], [ -75.9372197542218, -0.188021905515694 ], [ -75.937260718097363, -0.187320206827311 ], [ -75.937834715225335, -0.187113798353221 ], [ -75.938859751486461, -0.187732884690936 ], [ -75.940130796998289, -0.188393243582957 ], [ -75.941442832233292, -0.189012313335891 ], [ -75.942426822285924, -0.188805873277137 ], [ -75.943000811797191, -0.188475632917115 ], [ -75.94328777765179, -0.187856476529174 ], [ -75.943041744366951, -0.187196071852453 ], [ -75.942663143444861, -0.186636004301434 ], [ -75.941975688417969, -0.186205493116951 ], [ -75.940003101639235, -0.183956995183242 ], [ -75.939568851402612, -0.183358827537191 ], [ -75.939294578072349, -0.182714633854266 ], [ -75.939317389045058, -0.181955385373328 ], [ -75.939774445928066, -0.181541222471475 ], [ -75.940345788271472, -0.181610214204241 ], [ -75.940894279564688, -0.181840263586303 ], [ -75.941831320001882, -0.182668482729387 ], [ -75.943819573406458, -0.182645373534584 ], [ -75.944208073875203, -0.182484296652818 ], [ -75.944436593531492, -0.182116163581464 ], [ -75.944162330780955, -0.181840091802595 ], [ -75.94215122258386, -0.181771175984833 ], [ -75.941557012366616, -0.18135706846021 ], [ -75.941259870758628, -0.180528824590232 ], [ -75.941579788072673, -0.179907604353875 ], [ -75.942905270569838, -0.179447388517263 ], [ -75.943956527743964, -0.179447333933287 ], [ -75.944916347375425, -0.178918115840872 ], [ -75.945556183994384, -0.177721694329538 ], [ -75.94592184931706, -0.177859718532213 ], [ -75.944745866709283, -0.184499073286017 ], [ -75.9434812950267, -0.191253964797817 ], [ -75.941831841496466, -0.199503802466344 ], [ -75.940897163932036, -0.204237771824564 ], [ -75.940264883630419, -0.207449115364916 ], [ -75.939165282202381, -0.213179715605945 ], [ -75.938642990316325, -0.216058855850026 ], [ -75.938093188707597, -0.218827265456657 ], [ -75.939000772015703, -0.221014227005988 ], [ -75.939495820690411, -0.222093855127838 ], [ -75.958142820448458, -0.264531579048404 ], [ -75.962817727195713, -0.26652443417743 ], [ -76.029338386807197, -0.294201989454871 ], [ -76.040365503474632, -0.298768641473714 ], [ -76.042097697981006, -0.296886035173396 ], [ -76.043115014190349, -0.295750943737606 ], [ -76.045342158865296, -0.293785253296875 ], [ -76.048009311103868, -0.292262441899285 ], [ -76.04952167096323, -0.29206852095362 ], [ -76.05265648084071, -0.292594201388128 ], [ -76.053948934431745, -0.293203103810129 ], [ -76.056203881833483, -0.294614707455362 ], [ -76.058156405755398, -0.296552312282635 ], [ -76.059696462861481, -0.298434585265669 ], [ -76.061420369148152, -0.300220564268336 ], [ -76.062714242945276, -0.301400129471843 ], [ -76.06347253395495, -0.302072633033386 ], [ -76.064586061120949, -0.302579627395028 ], [ -76.065301890759557, -0.302825103179599 ], [ -76.066245680695772, -0.302643516148459 ], [ -76.06705685441743, -0.301890785726759 ], [ -76.067915669029773, -0.30031601125526 ], [ -76.068641858204671, -0.297967252944088 ], [ -76.068933309713799, -0.296237735890227 ], [ -76.069288470773714, -0.295292884436935 ], [ -76.070428228952238, -0.292853341818362 ], [ -76.071705922373255, -0.291283868221775 ], [ -76.072946528618928, -0.289949271304977 ], [ -76.074107550496663, -0.288118254284129 ], [ -76.074441479124999, -0.286869145714173 ], [ -76.07525258333763, -0.285369109768602 ], [ -76.076565336125014, -0.284463891125887 ], [ -76.079739621764503, -0.283801483902812 ], [ -76.081057656251289, -0.284159741158208 ], [ -76.082663676250732, -0.284806428608877 ], [ -76.083017110472852, -0.285284342005705 ], [ -76.083376448823003, -0.285770386787788 ], [ -76.083680387089629, -0.28619102738356 ], [ -76.084047395507795, -0.28692692196015 ], [ -76.084321131021724, -0.286642418238366 ], [ -76.086439962932431, -0.263555421076688 ], [ -76.087183400005472, -0.254385567851363 ], [ -76.117949161164987, -0.258082598937849 ], [ -76.124000882090286, -0.259104282529041 ], [ -76.129506637014785, -0.260796237596047 ], [ -76.130074167123013, -0.260453839744502 ], [ -76.133397835314383, -0.251541150484284 ], [ -76.131228058300024, -0.247436412094428 ], [ -76.13845948157595, -0.247418240999088 ], [ -76.156572286038042, -0.241004963788918 ], [ -76.159369025158924, -0.241355570174365 ], [ -76.169318585147622, -0.240337266190048 ], [ -76.174546233780845, -0.242415564726846 ], [ -76.17568752250078, -0.241959369075645 ], [ -76.178161718743397, -0.240406675183422 ], [ -76.179590455596809, -0.239266308233799 ], [ -76.18040942459713, -0.239204837280786 ], [ -76.181646698758769, -0.240555475952787 ], [ -76.182692293723207, -0.241748252200661 ], [ -76.183406780690603, -0.242563891893767 ], [ -76.184992495159719, -0.243151411411176 ], [ -76.189775653373928, -0.243773732956428 ], [ -76.190742723062627, -0.243677169241208 ], [ -76.192433003880652, -0.244615517922337 ], [ -76.196902641754107, -0.24664998974917 ], [ -76.201337613882046, -0.250885976465807 ], [ -76.202243777144844, -0.251736676147026 ], [ -76.205319604710965, -0.255657019823819 ], [ -76.206138568180734, -0.255709567914541 ], [ -76.209466603940513, -0.254867245380343 ], [ -76.213595652148499, -0.248411426820651 ], [ -76.219179450620899, -0.239543497828186 ], [ -76.22325622176119, -0.232903539543959 ], [ -76.225233638749586, -0.22973706583214 ], [ -76.22985911057124, -0.220956991978742 ], [ -76.224431072567754, -0.217221038691036 ], [ -76.212564298646939, -0.209056237276888 ], [ -76.210380977591555, -0.205321275976292 ], [ -76.209608182908582, -0.201691947828552 ], [ -76.213470441015531, -0.196766068714982 ], [ -76.22105049373252, -0.185020488497804 ], [ -76.203700486568579, -0.178699015476398 ], [ -76.211388133666972, -0.168798450769075 ], [ -76.228529058008561, -0.174851069178774 ], [ -76.231135725383652, -0.165736996225385 ], [ -76.235625238351417, -0.153414741350439 ], [ -76.23857398333007, -0.144657147963846 ], [ -76.257800862871193, -0.109810963816667 ] ] ] ] } },
{ "type": "Feature", "properties": { "fid": 15, "Descripcion": "Limites de la comunidad Kichwa Santa Clara", "Comunidad": "Santa Clara", "categoria": "Tierra Comunitaría", "status": "Titulada", "etnias": "Kichwa", "area_sig_h": 11513.98, "fuente": "MAPEO PARTICIPATIVO 2021", "fecha_atua": "n/a" }, "geometry": { "type": "MultiPolygon", "coordinates": [ [ [ [ -78.005323455999985, -1.15433263999995 ], [ -77.988388813999961, -1.165584370999966 ], [ -78.01019847799995, -1.196831322999969 ], [ -78.006766096999968, -1.207953801999963 ], [ -78.005638300999976, -1.208021321999979 ], [ -78.004105043999971, -1.20794047499993 ], [ -78.00320716899995, -1.207852657999979 ], [ -78.000576834999947, -1.199399013999937 ], [ -77.999998073999961, -1.199263769999959 ], [ -77.999837731999946, -1.19924036599997 ], [ -77.999303473999987, -1.199087363999979 ], [ -77.998608675999947, -1.199059219999924 ], [ -77.998358159999952, -1.198989023999957 ], [ -77.998036747999947, -1.198852048999925 ], [ -77.997777388999964, -1.198656550999942 ], [ -77.997609877999935, -1.19847938199996 ], [ -77.99707284599998, -1.197675241999946 ], [ -77.996978785999943, -1.197603699999945 ], [ -77.996819095999967, -1.197519309999961 ], [ -77.996501940999963, -1.197417203999976 ], [ -77.99588883399997, -1.197396375999972 ], [ -77.995435766999947, -1.197450721999928 ], [ -77.994973431999938, -1.197566153999958 ], [ -77.994637500999943, -1.197616034999953 ], [ -77.994003303999989, -1.197765084999958 ], [ -77.993798653999988, -1.197775247999971 ], [ -77.993629795999937, -1.19776386999996 ], [ -77.993457473999968, -1.197703344999979 ], [ -77.993196073999968, -1.197530163999943 ], [ -77.993004650999978, -1.197321668999962 ], [ -77.992790615, -1.196954184999925 ], [ -77.992476640999939, -1.196310344999972 ], [ -77.992093659999966, -1.195768672999975 ], [ -77.991067215999976, -1.195357537999939 ], [ -77.990901042999951, -1.195255896999925 ], [ -77.990550625999958, -1.194943674999934 ], [ -77.990267532999951, -1.19463228199993 ], [ -77.990117633999944, -1.194554384999947 ], [ -77.989914007999971, -1.194349877999969 ], [ -77.988804597999945, -1.192588023999974 ], [ -77.988600984999948, -1.192394898999964 ], [ -77.98814286299995, -1.192176212999925 ], [ -77.987152651999963, -1.192069870999944 ], [ -77.986867225999958, -1.192090962999941 ], [ -77.986296433999939, -1.192189976999941 ], [ -77.985028615999965, -1.192698220999944 ], [ -77.984770318999949, -1.192740334999939 ], [ -77.984549296999944, -1.192718621999973 ], [ -77.983866034999949, -1.192491054999948 ], [ -77.983275127999946, -1.192334220999953 ], [ -77.983024683999986, -1.192332687999965 ], [ -77.982874896999988, -1.192360135999934 ], [ -77.982837472999961, -1.19236704399998 ], [ -77.982613672999946, -1.192434327999933 ], [ -77.982350809999957, -1.19257013899994 ], [ -77.982109564999973, -1.192775494999978 ], [ -77.981764924999936, -1.193243790999929 ], [ -77.981673050999973, -1.19336866499998 ], [ -77.981479705999959, -1.193542617999981 ], [ -77.981432715999972, -1.193584861999966 ], [ -77.981171060999941, -1.19376015499995 ], [ -77.980900606999967, -1.19384899399995 ], [ -77.980416072999958, -1.193946466999932 ], [ -77.980217689999961, -1.194026733999976 ], [ -77.980027611999958, -1.194150178999962 ], [ -77.979901240999936, -1.194332822999968 ], [ -77.979846234999968, -1.19451728599995 ], [ -77.979818253999952, -1.194790986999976 ], [ -77.979826446999937, -1.194980260999955 ], [ -77.979883601999973, -1.195455888999959 ], [ -77.979892899999982, -1.195754031999968 ], [ -77.979799926999988, -1.196108305999928 ], [ -77.979488936999985, -1.196564911999928 ], [ -77.979144658999985, -1.196952888999931 ], [ -77.979087344999982, -1.197078536999925 ], [ -77.978891953999948, -1.197352510999963 ], [ -77.978694277999978, -1.198004148999928 ], [ -77.978623821999975, -1.19842796699993 ], [ -77.978438465999943, -1.198851006999973 ], [ -77.972899481999946, -1.198889749999978 ], [ -77.974830525999948, -1.189160676999961 ], [ -77.942189263999978, -1.182878233999929 ], [ -77.915664394999965, -1.197173863999978 ], [ -77.916135724999947, -1.197921208999958 ], [ -77.916336637999962, -1.199211384999955 ], [ -77.916740211, -1.200230222999949 ], [ -77.917210016999945, -1.202335409999932 ], [ -77.918761806999953, -1.201997713999958 ], [ -77.919300894999935, -1.202473571999974 ], [ -77.919840439999973, -1.202542076999976 ], [ -77.921848017999935, -1.216733855999962 ], [ -77.94242776599998, -1.211122256999943 ], [ -77.943224215999976, -1.210921791999965 ], [ -77.943172039, -1.210617200999934 ], [ -77.943189905999986, -1.210454093999942 ], [ -77.943236573999968, -1.210026855999956 ], [ -77.943492387999981, -1.20917120699994 ], [ -77.943661133999967, -1.208821357999966 ], [ -77.944733514999939, -1.206833334999942 ], [ -77.944929639999941, -1.20639942899993 ], [ -77.945159924999984, -1.206010660999937 ], [ -77.945308730999955, -1.205817144999969 ], [ -77.945503403999965, -1.20570308899994 ], [ -77.946131572999946, -1.205511760999968 ], [ -77.946633241999962, -1.205388333999963 ], [ -77.946936810999944, -1.205365143999927 ], [ -77.947246715999938, -1.205390646999945 ], [ -77.94860640099995, -1.205533547999948 ], [ -77.948798608999937, -1.205548606999969 ], [ -77.949128917999985, -1.205515719999937 ], [ -77.950156439999944, -1.205222760999959 ], [ -77.95061710799996, -1.205206085999976 ], [ -77.951013192999937, -1.205234385999972 ], [ -77.951352148999945, -1.205313253999975 ], [ -77.952453133999938, -1.205719267999939 ], [ -77.952522461999934, -1.205745846999946 ], [ -77.952626545999976, -1.205785668999965 ], [ -77.95317261799994, -1.206052512999975 ], [ -77.953651712999942, -1.206309401999931 ], [ -77.954009324999959, -1.206540221999944 ], [ -77.954722341999968, -1.207118957999967 ], [ -77.954999937999958, -1.207402177999938 ], [ -77.95564670999994, -1.208149219999939 ], [ -77.955723899999953, -1.208223042999975 ], [ -77.955927341999939, -1.208417527999927 ], [ -77.956113160999962, -1.208584293999934 ], [ -77.956774597999981, -1.209029001999966 ], [ -77.957449991999965, -1.209598379999932 ], [ -77.957550892999961, -1.209683469999959 ], [ -77.957724862999953, -1.209790916999964 ], [ -77.957810427999959, -1.209741060999932 ], [ -77.95869724399995, -1.210536935999926 ], [ -77.959744228999966, -1.210816776999934 ], [ -77.960564789999978, -1.210901708999927 ], [ -77.961452748999989, -1.211055231999978 ], [ -77.961766119999936, -1.211133854999957 ], [ -77.962222385999951, -1.211199850999947 ], [ -77.962727703999974, -1.211220164999929 ], [ -77.962957354999958, -1.211245571999939 ], [ -77.962962022999989, -1.211246108999944 ], [ -77.963366034999979, -1.211385617999952 ], [ -77.963526915999978, -1.211486271999945 ], [ -77.963661566999974, -1.21157051199998 ], [ -77.963891340999965, -1.211874018999936 ], [ -77.964173998999968, -1.212518361999969 ], [ -77.964285683999947, -1.212862475999941 ], [ -77.964412493999987, -1.213659501999928 ], [ -77.964558429999954, -1.214130068999964 ], [ -77.964829152999982, -1.214612243999966 ], [ -77.966105209999967, -1.216692516999956 ], [ -77.966239424999969, -1.216868912999928 ], [ -77.966489963999948, -1.217198054999926 ], [ -77.966258903999972, -1.217689819999975 ], [ -77.966197122999972, -1.217751777999979 ], [ -77.966178302999936, -1.217861574999972 ], [ -77.966231840999967, -1.218388260999973 ], [ -77.966198714999962, -1.219206242999974 ], [ -77.966128675999983, -1.220006739999974 ], [ -77.966102024999941, -1.221160367999971 ], [ -77.96610908699995, -1.221870517999946 ], [ -77.966223444999969, -1.22252019299998 ], [ -77.966364448999968, -1.223074609999969 ], [ -77.966607483999951, -1.223842500999979 ], [ -77.96680319099994, -1.224183085999925 ], [ -77.966938574999972, -1.224360564999927 ], [ -77.967180362999954, -1.224484527999948 ], [ -77.967493852999951, -1.224588623999978 ], [ -77.967973942999947, -1.224686479999946 ], [ -77.969179817999986, -1.22496793199997 ], [ -77.969688640999948, -1.224992480999958 ], [ -77.969932064999966, -1.224971609999955 ], [ -77.970515484999964, -1.22483425799993 ], [ -77.970671681999988, -1.224755478999953 ], [ -77.970853851999948, -1.224624176999953 ], [ -77.971107410999934, -1.224269990999971 ], [ -77.971309064999957, -1.224060062999968 ], [ -77.971432682999989, -1.223987824999938 ], [ -77.971693885999969, -1.223891762999926 ], [ -77.97210410799994, -1.22388317399998 ], [ -77.972434550999935, -1.223975865999932 ], [ -77.972763337999936, -1.224195952999935 ], [ -77.973137207999969, -1.224598496999931 ], [ -77.973424288999979, -1.22476884799994 ], [ -77.973823161999974, -1.224969702999942 ], [ -77.974461533999943, -1.22517290899998 ], [ -77.974990826999942, -1.225364400999979 ], [ -77.975149800999986, -1.225444634999974 ], [ -77.975638434999951, -1.225722366999946 ], [ -77.975854872999946, -1.225815184999931 ], [ -77.976057606999973, -1.225854169999934 ], [ -77.976231019999943, -1.225840060999928 ], [ -77.976431745999946, -1.22576692399997 ], [ -77.977065290999974, -1.225340395999979 ], [ -77.977672513999948, -1.224976509999976 ], [ -77.978006549999975, -1.224748905999945 ], [ -77.97865625299994, -1.224079409999945 ], [ -77.979029987999979, -1.223790866999934 ], [ -77.979486795999946, -1.223538640999948 ], [ -77.979641314999981, -1.223486245999936 ], [ -77.980535643999985, -1.223319001999926 ], [ -77.981272342999944, -1.223231441999928 ], [ -77.98161315599998, -1.223208653999961 ], [ -77.981892036999966, -1.223190091999925 ], [ -77.982772246999957, -1.223163627999952 ], [ -77.983109983999952, -1.223199749999935 ], [ -77.983459706999952, -1.223278233999963 ], [ -77.983721921999972, -1.223369643999945 ], [ -77.984119799999974, -1.223566160999951 ], [ -77.984511937999969, -1.223848694999958 ], [ -77.985017218999985, -1.224166880999974 ], [ -77.985226801999943, -1.224231336999935 ], [ -77.985399621999989, -1.224250566999956 ], [ -77.985469287999933, -1.224258348999967 ], [ -77.985494873999983, -1.224261211999931 ], [ -77.98573642499997, -1.224254797999947 ], [ -77.986042367999971, -1.224194642999976 ], [ -77.986613895999938, -1.223945541999967 ], [ -77.986764838999989, -1.22390841999993 ], [ -77.986945878999961, -1.223893850999957 ], [ -77.987150653999947, -1.223912775999963 ], [ -77.987343688999943, -1.223949240999957 ], [ -77.987490954999942, -1.223996056999965 ], [ -77.987741578999987, -1.224157500999979 ], [ -77.988024631999963, -1.224422808999975 ], [ -77.988318558999936, -1.224779356999932 ], [ -77.988681540999949, -1.225078907999944 ], [ -77.988899257999947, -1.225193044999969 ], [ -77.989148485999976, -1.225230169999975 ], [ -77.989911056999972, -1.225246026999969 ], [ -77.990270038999938, -1.225176776999945 ], [ -77.99129947199998, -1.224782150999943 ], [ -77.991665527999942, -1.224616582999943 ], [ -77.992048720999946, -1.224363174999951 ], [ -77.992365839999934, -1.224183656999969 ], [ -77.992608536999967, -1.224079754999934 ], [ -77.99298435999998, -1.223979586999974 ], [ -77.993521017999967, -1.223858548999942 ], [ -77.993680886999982, -1.223857736999946 ], [ -77.993840756999987, -1.223857015999954 ], [ -77.994672144999981, -1.224009672999955 ], [ -77.995115723999959, -1.22413837199997 ], [ -77.995640051999942, -1.224232647999941 ], [ -77.996038594999959, -1.224223164999955 ], [ -77.996905621999986, -1.224136356999963 ], [ -77.997031252999989, -1.224101883999936 ], [ -77.997545285999934, -1.223818514999948 ], [ -77.997922118999952, -1.223659981999958 ], [ -77.998336386999938, -1.223584435999953 ], [ -77.999006902999952, -1.223484839999969 ], [ -77.999292611999977, -1.223395254999957 ], [ -77.999440320999952, -1.223276099999964 ], [ -77.999951953999982, -1.22261092399998 ], [ -77.999997203999953, -1.222572055999933 ], [ -78.000002762999941, -1.222567234999929 ], [ -78.000002796, -1.22256720699994 ], [ -78.00000812199994, -1.22256263099996 ], [ -78.000103893999949, -1.222480360999953 ], [ -78.000108890999968, -1.222476067999935 ], [ -78.000217773999964, -1.222382533999962 ], [ -78.000575637999987, -1.222161764999953 ], [ -78.001055005999945, -1.221974921999958 ], [ -78.001532152999971, -1.221847254999943 ], [ -78.001781728999958, -1.221818262999932 ], [ -78.002111138999965, -1.221759092999946 ], [ -78.004048021999949, -1.220992223999929 ], [ -78.004356378999944, -1.220976216999929 ], [ -78.004703652999979, -1.220998200999929 ], [ -78.005748363999942, -1.221372240999926 ], [ -78.005748437999955, -1.221372277999933 ], [ -78.009255724999946, -1.212298926999949 ], [ -78.018649836999941, -1.228632146999928 ], [ -78.018249500999957, -1.228156401999968 ], [ -78.017692403999945, -1.227681349999955 ], [ -78.017022148999956, -1.227174368999954 ], [ -78.016772144999948, -1.22693755399996 ], [ -78.016607595999972, -1.226703273999931 ], [ -78.016520138999965, -1.225753512999972 ], [ -78.016221173999952, -1.225228337999965 ], [ -78.015890484999943, -1.224817058999975 ], [ -78.015529662999938, -1.224462393999943 ], [ -78.015256053999963, -1.224303885999973 ], [ -78.015164820999985, -1.224251109999955 ], [ -78.014421493999976, -1.224316140999974 ], [ -78.014222791999941, -1.224281855999948 ], [ -78.013855521999972, -1.224156581999978 ], [ -78.013462975999971, -1.223915812999962 ], [ -78.013125090999949, -1.223762743999941 ], [ -78.01234243, -1.223195196999939 ], [ -78.012145317999966, -1.223103451999975 ], [ -78.011436894999974, -1.222939848999943 ], [ -78.010824261999971, -1.22309139999993 ], [ -78.010604097999988, -1.223145903999978 ], [ -78.009737898999958, -1.22352331299993 ], [ -78.009536768999965, -1.223575036999932 ], [ -78.009167070999979, -1.223535862999938 ], [ -78.008603621999953, -1.223290203999966 ], [ -78.00763515999995, -1.222229416999937 ], [ -78.007439728999941, -1.222080302999927 ], [ -78.007158003999962, -1.221957564999968 ], [ -78.006479628999955, -1.221737436999945 ], [ -78.006418462999989, -1.22170689099994 ], [ -78.00559127799994, -1.227782180999952 ], [ -78.00487075999996, -1.234952786999941 ], [ -78.004151538999963, -1.240928149999945 ], [ -78.003909046, -1.245350243999951 ], [ -78.003992359999984, -1.246529025999962 ], [ -78.004610301999946, -1.255271506999975 ], [ -78.004695169999934, -1.256048392999958 ], [ -78.004727828999989, -1.256347354999946 ], [ -78.004239973999972, -1.256340414999954 ], [ -77.988660313999958, -1.256118725999954 ], [ -77.983861333999982, -1.256050422999976 ], [ -77.949866507999957, -1.255566319999957 ], [ -77.949982756999987, -1.257717772999968 ], [ -77.957582684999977, -1.257607189999931 ], [ -77.958281532999933, -1.269320820999951 ], [ -77.958399720999978, -1.269799034999949 ], [ -77.958584603999952, -1.270725106999976 ], [ -77.959829966999962, -1.270716308999965 ], [ -77.95945041899995, -1.273816666999949 ], [ -77.959458745999939, -1.273818689999928 ], [ -77.959412832999988, -1.274418762999971 ], [ -77.958819449999964, -1.27433482899994 ], [ -77.958386720999954, -1.274298285999976 ], [ -77.958199926999953, -1.274311963999935 ], [ -77.957872524999971, -1.27445609199998 ], [ -77.957449164999957, -1.274762872999929 ], [ -77.956083671999977, -1.276245315999972 ], [ -77.955832486999952, -1.276392878999957 ], [ -77.95559289299996, -1.276471761999971 ], [ -77.955364877999955, -1.276471122999965 ], [ -77.955205034999949, -1.276424324999937 ], [ -77.954921957999943, -1.276159018999977 ], [ -77.954786155999955, -1.275940524999953 ], [ -77.954381159999969, -1.27511291899998 ], [ -77.954102319999947, -1.274862966999933 ], [ -77.953415452999934, -1.274433234999947 ], [ -77.952275501999964, -1.273831812999958 ], [ -77.951895266999941, -1.273541860999956 ], [ -77.951429830999984, -1.273243331999936 ], [ -77.949914031999981, -1.272499493999931 ], [ -77.948744666999971, -1.27200363299994 ], [ -77.948574883999981, -1.271899922999978 ], [ -77.948347543999944, -1.271704120999971 ], [ -77.947232401999941, -1.27057762499993 ], [ -77.947078701999942, -1.270407938999938 ], [ -77.946913481999957, -1.270131108999976 ], [ -77.946800943999961, -1.269843916999946 ], [ -77.946721292999939, -1.269584516999942 ], [ -77.946635322999953, -1.269372015999977 ], [ -77.946529113999986, -1.268887216999929 ], [ -77.946410002999983, -1.268581781999956 ], [ -77.946238908999987, -1.268350494999936 ], [ -77.946067469999946, -1.268211639999947 ], [ -77.945854938999958, -1.268090810999979 ], [ -77.945395320999978, -1.267935478999959 ], [ -77.945376191999969, -1.267928995999966 ], [ -77.94502745799997, -1.267868678999946 ], [ -77.944014981999942, -1.267824571999938 ], [ -77.943568569999968, -1.267757499999959 ], [ -77.94326911099995, -1.267690890999972 ], [ -77.942987856999935, -1.267581569999948 ], [ -77.925964164999982, -1.275659194999946 ], [ -77.926198628999941, -1.275864107999951 ], [ -77.92662837499995, -1.276427424999952 ], [ -77.927353730999982, -1.277221707999956 ], [ -77.927726088999975, -1.277842011999951 ], [ -77.927793626999971, -1.278026255999976 ], [ -77.927812979999942, -1.278261031999932 ], [ -77.927620899999965, -1.278261251999936 ], [ -77.927462000999981, -1.27836328199993 ], [ -77.927471862999937, -1.278482008999958 ], [ -77.927471038999954, -1.27862612499996 ], [ -77.927468089999934, -1.279112683999927 ], [ -77.927308703999984, -1.280025713999976 ], [ -77.927299851999976, -1.280136587999948 ], [ -77.927295603999937, -1.280189991999976 ], [ -77.927322412999956, -1.28047764799993 ], [ -77.927340225999956, -1.280669358999944 ], [ -77.927342836999969, -1.280675770999949 ], [ -77.92740656899997, -1.280829117999929 ], [ -77.927477385999964, -1.280975500999944 ], [ -77.927868417999946, -1.281358061999924 ], [ -77.928038857999979, -1.281563690999974 ], [ -77.92824356899996, -1.28190634799995 ], [ -77.928360667999982, -1.282017709999934 ], [ -77.929197644999988, -1.282522455999924 ], [ -77.930521014999954, -1.283508224999935 ], [ -77.930672824999988, -1.283671498999979 ], [ -77.930792054999984, -1.283840232999978 ], [ -77.930868110999938, -1.284014527999943 ], [ -77.930902127999957, -1.284166462999963 ], [ -77.930903131999969, -1.285046738999938 ], [ -77.931116816999975, -1.285395587999972 ], [ -77.933976192999978, -1.285096146999933 ], [ -77.935631414999989, -1.285098147999975 ], [ -77.938638929999968, -1.286767741999938 ], [ -77.942247454999972, -1.28919532599997 ], [ -77.942094443999963, -1.291315461999943 ], [ -77.946604390999937, -1.294955773999959 ], [ -77.951121243999978, -1.292840910999928 ], [ -77.952778483999964, -1.291176931999928 ], [ -77.953986989999976, -1.287240607999934 ], [ -77.957300553999971, -1.284669879999967 ], [ -77.959409931999971, -1.28240059999996 ], [ -77.961518770999987, -1.280585670999926 ], [ -77.964198100999965, -1.279750200999956 ], [ -77.964224508999962, -1.279883344999973 ], [ -77.964333249999981, -1.28030118199996 ], [ -77.964437946999965, -1.280480316999956 ], [ -77.964994066999964, -1.28087269599996 ], [ -77.96566495999997, -1.281151096999963 ], [ -77.966575536999983, -1.28143102699994 ], [ -77.966836935999936, -1.281580702999975 ], [ -77.967017648999956, -1.281822632999933 ], [ -77.967117688999963, -1.282166751999966 ], [ -77.96712777099998, -1.282190773999957 ], [ -77.967196812999987, -1.282355130999974 ], [ -77.967400157999975, -1.282683228999929 ], [ -77.967570032999959, -1.282867345999932 ], [ -77.967933796999944, -1.283041296999954 ], [ -77.968286668999951, -1.283112261999975 ], [ -77.968652566999936, -1.283215336999945 ], [ -77.96907239899997, -1.283333604999939 ], [ -77.969550167999955, -1.283507423999936 ], [ -77.969890604999989, -1.283693146999951 ], [ -77.970066757999973, -1.283871473999966 ], [ -77.970376841999951, -1.284359002999963 ], [ -77.970455412999968, -1.284612253999967 ], [ -77.970513423999989, -1.285251143999972 ], [ -77.970707197999957, -1.285210344999939 ], [ -77.970541260999937, -1.285897371999965 ], [ -77.984825256999954, -1.284023027999979 ], [ -77.98499744999998, -1.285015568999938 ], [ -77.985042342999975, -1.285087534999946 ], [ -77.985337220999952, -1.285466654999937 ], [ -77.985529481999947, -1.285604662999958 ], [ -77.986075523999943, -1.285825374999945 ], [ -77.986485827999957, -1.285884521999947 ], [ -77.986961151999935, -1.285889833999931 ], [ -77.987087213999985, -1.285915073999945 ], [ -77.98718073799995, -1.285980375999941 ], [ -77.987373093999963, -1.286198793999972 ], [ -77.987846325999953, -1.287106243999972 ], [ -77.987970538999946, -1.287393406999968 ], [ -77.988094657999966, -1.287600158999965 ], [ -77.988242050999986, -1.287749964999932 ], [ -77.988605005999943, -1.288003415999924 ], [ -77.988980434999974, -1.288177345999941 ], [ -77.99008478899998, -1.288365773999942 ], [ -77.990421438999988, -1.288463132999937 ], [ -77.990827871999954, -1.288667110999938 ], [ -77.99194658, -1.289349926999932 ], [ -77.993616694999957, -1.285642202999952 ], [ -77.993951739999943, -1.284898382999927 ], [ -77.994103519999953, -1.285178946999963 ], [ -77.994259251999949, -1.28539903199993 ], [ -77.994571630999985, -1.285700155999962 ], [ -77.994886257999951, -1.285927010999956 ], [ -77.995118335999962, -1.286030275999963 ], [ -77.996036426999979, -1.286150618999955 ], [ -77.996354309999958, -1.286244204999946 ], [ -77.997685269999977, -1.286777491999942 ], [ -77.99804981799997, -1.286860180999952 ], [ -77.998199383999975, -1.286874007999927 ], [ -77.998299573999986, -1.286883194999973 ], [ -77.998436751999975, -1.286895861999938 ], [ -77.999372067999957, -1.286855000999935 ], [ -77.999997474999986, -1.28678198199998 ], [ -78.000002527999982, -1.28678143999997 ], [ -78.000003638999942, -1.286781309999981 ], [ -78.000021223999966, -1.286779254999942 ], [ -78.000591832999987, -1.286712569999963 ], [ -78.001032086999942, -1.286600878999934 ], [ -78.001299849999953, -1.286532892999958 ], [ -78.001481788999968, -1.286470225999949 ], [ -78.002500792999967, -1.286181775999978 ], [ -78.003241789999947, -1.28620288999997 ], [ -78.004055449999953, -1.286166244999947 ], [ -78.014531894999948, -1.285796278999953 ], [ -78.047752148999962, -1.284622872999932 ], [ -78.048038160999965, -1.284272404999967 ], [ -78.04812951599996, -1.284055784999964 ], [ -78.048492141999986, -1.283703923999951 ], [ -78.048899205999987, -1.283428461999961 ], [ -78.049662788999967, -1.282646357999965 ], [ -78.049884730999963, -1.282462929999951 ], [ -78.050215495999964, -1.282260202999964 ], [ -78.050571305999938, -1.282137736999971 ], [ -78.050875840999936, -1.282106737999925 ], [ -78.051307426999983, -1.281975504999934 ], [ -78.051422976999959, -1.281877836999968 ], [ -78.048444504999964, -1.281086520999963 ], [ -78.04863714399994, -1.278791799999965 ], [ -78.047498815999973, -1.277260518999981 ], [ -78.046360815999947, -1.275442373999965 ], [ -78.04569795499998, -1.273529158999963 ], [ -78.046078522999949, -1.273051484999939 ], [ -78.045035199999973, -1.271520322999947 ], [ -78.044941933999951, -1.269990256999961 ], [ -78.044467991999966, -1.269033486999945 ], [ -78.043994375999944, -1.267789851999964 ], [ -78.043425643999967, -1.266641730999936 ], [ -78.043711636999944, -1.265781458999925 ], [ -78.044567552999979, -1.265017461999946 ], [ -78.043808699999943, -1.263964745999942 ], [ -78.042955057999961, -1.262720677999937 ], [ -78.043623226999955, -1.25994839699996 ], [ -78.042412211999988, -1.258202927999946 ], [ -78.041631352999957, -1.257077455999934 ], [ -78.041823837999971, -1.254878366999947 ], [ -78.04315423099996, -1.254593014999955 ], [ -78.044198427999959, -1.25535918199995 ], [ -78.045812119999937, -1.256604110999945 ], [ -78.046666093999988, -1.257561309999971 ], [ -78.049326035999968, -1.257755584999927 ], [ -78.050276092999979, -1.257756666999967 ], [ -78.051130070999989, -1.258713867999973 ], [ -78.052459617999943, -1.259193497999945 ], [ -78.053696951999939, -1.257186819999959 ], [ -78.051511706999975, -1.25727995799997 ], [ -78.051037750999967, -1.256323189999932 ], [ -78.049612985999943, -1.256034700999976 ], [ -78.049043596, -1.255460316999972 ], [ -78.048189511999965, -1.254598741999928 ], [ -78.046956370999965, -1.252876133999962 ], [ -78.046294010999986, -1.250484818999951 ], [ -78.045724941999936, -1.249623570999972 ], [ -78.044396260999974, -1.24837897499998 ], [ -78.045916020999982, -1.24866756299997 ], [ -78.04715172899995, -1.248095224999929 ], [ -78.047911770999974, -1.248096084999929 ], [ -78.048671599999977, -1.248288188999936 ], [ -78.049145665999959, -1.249149329999966 ], [ -78.049429934999978, -1.249819010999943 ], [ -78.050949809999963, -1.250011975999939 ], [ -78.052565118999951, -1.249822556999959 ], [ -78.053421556999979, -1.248580423999954 ], [ -78.054087342999935, -1.247911812999973 ], [ -78.055607755999972, -1.247626657999945 ], [ -78.057508619999965, -1.246959434999951 ], [ -78.058364629999971, -1.246099786999935 ], [ -78.058840721999957, -1.245144085999925 ], [ -78.060170277999987, -1.245623697999974 ], [ -78.060645096999963, -1.24581547899993 ], [ -78.061215558999947, -1.245433624999976 ], [ -78.061216511999987, -1.244573011999933 ], [ -78.06197709199995, -1.244095745999971 ], [ -78.063498145999972, -1.243236834999948 ], [ -78.064829504999977, -1.242090836999978 ], [ -78.06520988799997, -1.24176773399995 ], [ -78.064995902999954, -1.241371830999981 ], [ -78.065088298999967, -1.241291282999953 ], [ -78.065017695999984, -1.241155478999929 ], [ -78.064766467999959, -1.241204259999961 ], [ -78.064513316999978, -1.241288997999959 ], [ -78.063143776999937, -1.241716556999961 ], [ -78.062499951999939, -1.241891958999929 ], [ -78.062438608999969, -1.241908670999976 ], [ -78.062183383999979, -1.241954927999927 ], [ -78.061940192999941, -1.24196758599993 ], [ -78.061417270999982, -1.24194087199993 ], [ -78.060521329999972, -1.242228545999978 ], [ -78.059883831999969, -1.242111731999955 ], [ -78.059834271999989, -1.24214941799994 ], [ -78.059379716999956, -1.242495074999965 ], [ -78.059245380999982, -1.242531516999975 ], [ -78.058839684999953, -1.242560968999953 ], [ -78.058352629999945, -1.242533408999975 ], [ -78.058037297999988, -1.242429241999957 ], [ -78.057749139999942, -1.242185691999964 ], [ -78.057497206999983, -1.241735998999957 ], [ -78.057388581999987, -1.241658626999936 ], [ -78.05722811399994, -1.241624744999967 ], [ -78.056913706999978, -1.241658094999934 ], [ -78.056660786999942, -1.241615527999954 ], [ -78.056691809999961, -1.241800034999926 ], [ -78.056692801999986, -1.241805934999945 ], [ -78.056841690999988, -1.242410375999953 ], [ -78.056855872999961, -1.242734935999977 ], [ -78.056824646999985, -1.242967737999948 ], [ -78.056775253999945, -1.243066888999977 ], [ -78.056525647999933, -1.243355374999965 ], [ -78.056039093999971, -1.243768099999954 ], [ -78.055718207999973, -1.243978983999966 ], [ -78.055041510999956, -1.244323278999957 ], [ -78.054742203999979, -1.244422781999958 ], [ -78.054474570999957, -1.244452206999938 ], [ -78.054229025999973, -1.244395552999947 ], [ -78.053540038999984, -1.24392314399995 ], [ -78.053305101999968, -1.243855656999926 ], [ -78.052813711999988, -1.243840635999959 ], [ -78.052649925999958, -1.243798280999954 ], [ -78.052420509999934, -1.243705493999926 ], [ -78.052397572999951, -1.24373821599994 ], [ -78.05217730399994, -1.24405244299993 ], [ -78.051969498999938, -1.244287666999981 ], [ -78.051767279999979, -1.244585146999952 ], [ -78.051323165999975, -1.245502891999934 ], [ -78.051156869999943, -1.245786046999967 ], [ -78.051041380999948, -1.245829647999926 ], [ -78.050940219999973, -1.245821400999944 ], [ -78.050757718999989, -1.245743856999979 ], [ -78.050447945999963, -1.245566960999952 ], [ -78.049805874999947, -1.245125414999961 ], [ -78.049462251999955, -1.244794613999943 ], [ -78.049348261999967, -1.244617757999947 ], [ -78.049274004999972, -1.244230337999966 ], [ -78.049248868999939, -1.244107912999937 ], [ -78.049229361999949, -1.244012902999941 ], [ -78.04905731599996, -1.24397756299993 ], [ -78.048508435999963, -1.243769499999928 ], [ -78.04837529699995, -1.243700230999934 ], [ -78.04773376199995, -1.243182428999944 ], [ -78.04763094499998, -1.243130271999974 ], [ -78.047439121999957, -1.243120568999927 ], [ -78.047223418999977, -1.243194324999934 ], [ -78.046867005999957, -1.24338718599995 ], [ -78.046750359999976, -1.243422110999973 ], [ -78.046639505999963, -1.24341303999995 ], [ -78.046534896999958, -1.243358260999969 ], [ -78.046436709999966, -1.243259937999937 ], [ -78.046264873999974, -1.242956798999955 ], [ -78.045945309999979, -1.241894904999924 ], [ -78.045775269999979, -1.241588963999959 ], [ -78.045490270999949, -1.241172035999966 ], [ -78.04535753, -1.24090535299996 ], [ -78.045330323999963, -1.24066824099998 ], [ -78.045362151999939, -1.240542145999939 ], [ -78.045605395999985, -1.239998053999955 ], [ -78.045604166999965, -1.239810844999965 ], [ -78.045460875999936, -1.239667658999963 ], [ -78.045404559999952, -1.239644140999928 ], [ -78.045221881999964, -1.239584156999967 ], [ -78.044627289999937, -1.239430997999932 ], [ -78.044544228999939, -1.239372175999961 ], [ -78.044516042999987, -1.239290919999974 ], [ -78.044644209999944, -1.238903818999972 ], [ -78.04467262999998, -1.238611111999944 ], [ -78.044644051999967, -1.238478626999949 ], [ -78.044357743999967, -1.238026008999952 ], [ -78.044303347999971, -1.237861689999932 ], [ -78.044306512999981, -1.237759866999966 ], [ -78.044353954999963, -1.237637947999929 ], [ -78.044691169999965, -1.237188465999964 ], [ -78.044754960999967, -1.237054817999933 ], [ -78.044768102999967, -1.236941351999974 ], [ -78.044733823999934, -1.236849245999963 ], [ -78.044653017999963, -1.236781663999977 ], [ -78.044518399999959, -1.236751335999941 ], [ -78.044320438999989, -1.236773159999927 ], [ -78.043566458999976, -1.237012404999973 ], [ -78.043445574999964, -1.237044459999936 ], [ -78.043221632999973, -1.237067377999949 ], [ -78.04297897899994, -1.236995548999971 ], [ -78.042709817999935, -1.236788885999943 ], [ -78.042390730999955, -1.236431552999932 ], [ -78.041666624999948, -1.235441927999943 ], [ -78.041160353999942, -1.234750013999928 ], [ -78.041095342999938, -1.234605829999964 ], [ -78.041084248999937, -1.234491343999935 ], [ -78.04131683199995, -1.234004521999964 ], [ -78.041338679999967, -1.233892692999973 ], [ -78.041317153999955, -1.233794637999949 ], [ -78.041298649999987, -1.233770798999956 ], [ -78.041195421999987, -1.233678557999951 ], [ -78.041002854999988, -1.233573741999976 ], [ -78.040727231999938, -1.233527263999974 ], [ -78.04058860899994, -1.23354653399997 ], [ -78.039782222999975, -1.233800422999934 ], [ -78.03960114399996, -1.23381792899994 ], [ -78.039340353999989, -1.233753036999929 ], [ -78.03925533499995, -1.233679485999971 ], [ -78.039201980999962, -1.233546521999926 ], [ -78.03918338699998, -1.233313667999937 ], [ -78.039230553999971, -1.232219483999927 ], [ -78.039201627999944, -1.231993393999971 ], [ -78.039145297999937, -1.231872352999972 ], [ -78.039011717999983, -1.23179874799996 ], [ -78.038237555999956, -1.231971897999927 ], [ -78.037783232999971, -1.231986119999931 ], [ -78.037548628999957, -1.231943933999958 ], [ -78.037087532999976, -1.23174862299993 ], [ -78.036897560999989, -1.231610085999932 ], [ -78.036756976999982, -1.231455156999971 ], [ -78.036662724999985, -1.231290704999935 ], [ -78.036583284999949, -1.230960024999945 ], [ -78.036577981999983, -1.230641441999978 ], [ -78.036712930999954, -1.230288774999963 ], [ -78.036749862999955, -1.230090768999958 ], [ -78.036746355999981, -1.230010789999938 ], [ -78.036726078999948, -1.22954849499996 ], [ -78.036704678999968, -1.229060542999946 ], [ -78.036731029999942, -1.228851500999951 ], [ -78.03679217399997, -1.228676469999925 ], [ -78.036892776999935, -1.228535726999951 ], [ -78.037030418999962, -1.22842673699995 ], [ -78.03740148299994, -1.228291533999936 ], [ -78.03763814399997, -1.228259000999969 ], [ -78.038248206999981, -1.228250282999966 ], [ -78.039077445999965, -1.228354295999964 ], [ -78.04107179, -1.228847389999942 ], [ -78.041243437999981, -1.228835746999948 ], [ -78.041352341999982, -1.228806664999979 ], [ -78.041418982999971, -1.22878886999996 ], [ -78.041543844999978, -1.228711577999945 ], [ -78.041411405999952, -1.228576896999925 ], [ -78.041151942999988, -1.228446050999935 ], [ -78.040715257999977, -1.228091570999936 ], [ -78.040131994999967, -1.227318604999937 ], [ -78.039457020999976, -1.226762921999978 ], [ -78.039270366999972, -1.226462658999935 ], [ -78.039143083999988, -1.225884092999934 ], [ -78.039092559999972, -1.225787361999949 ], [ -78.039017777999959, -1.225711835999959 ], [ -78.038678580999942, -1.225527278999948 ], [ -78.038566756999955, -1.225466433999941 ], [ -78.038553872999955, -1.22545942499994 ], [ -78.038449849999949, -1.225361548999956 ], [ -78.038311442999941, -1.225106064999977 ], [ -78.038283596999975, -1.224956955999971 ], [ -78.038330272999985, -1.224633100999938 ], [ -78.038410527999986, -1.224465228999975 ], [ -78.038777817999971, -1.22400493899994 ], [ -78.038940342999979, -1.223879351999926 ], [ -78.03915680199998, -1.223767555999927 ], [ -78.040309959999945, -1.223424507999937 ], [ -78.040638944999955, -1.223269107999954 ], [ -78.040723067999977, -1.223176862999935 ], [ -78.040763844999958, -1.223072914999932 ], [ -78.040781167999967, -1.222909668999932 ], [ -78.040800820999948, -1.222751939999966 ], [ -78.040814574999956, -1.222696430999974 ], [ -78.040848245999939, -1.222560538999971 ], [ -78.040568210999936, -1.222527701999979 ], [ -78.039848889999973, -1.222547776999932 ], [ -78.039540856999963, -1.222505783999964 ], [ -78.039403423999943, -1.222424678999971 ], [ -78.038994733999971, -1.222081074999949 ], [ -78.038862563999942, -1.222029246999966 ], [ -78.038688219999983, -1.222045496999954 ], [ -78.038419891, -1.222143681999967 ], [ -78.037151464999965, -1.222742113999971 ], [ -78.036545763999982, -1.22295042199994 ], [ -78.036047834999977, -1.223028745999954 ], [ -78.03579566999997, -1.223039127999925 ], [ -78.035564642999987, -1.223011222999958 ], [ -78.035371728999962, -1.222934753999937 ], [ -78.035222122999983, -1.222822192999956 ], [ -78.035117957999944, -1.222691521999934 ], [ -78.035058769999978, -1.222557826999946 ], [ -78.035032310999952, -1.222290271999952 ], [ -78.035083216999965, -1.221956122999927 ], [ -78.035573431999978, -1.220392972999946 ], [ -78.035665068999947, -1.21999616599993 ], [ -78.035602754999957, -1.219764619999978 ], [ -78.035544650999952, -1.219705013999942 ], [ -78.035188096999946, -1.219543794999936 ], [ -78.035107527999969, -1.21942353999998 ], [ -78.035166162999985, -1.219243718999962 ], [ -78.035473111999977, -1.218878591999953 ], [ -78.035591756999963, -1.218491480999944 ], [ -78.035534588999951, -1.21798509499996 ], [ -78.035548941999934, -1.21774757999998 ], [ -78.035809164999989, -1.217324793999978 ], [ -78.035832683999956, -1.217178008999952 ], [ -78.035843100999955, -1.21709132899997 ], [ -78.035808109999948, -1.216993170999956 ], [ -78.035643507999964, -1.216803072999937 ], [ -78.034550603999946, -1.216395017999957 ], [ -78.034389385999987, -1.216310362999934 ], [ -78.034318996999957, -1.216239540999936 ], [ -78.03430345299995, -1.21617067699998 ], [ -78.034317718999944, -1.216093533999924 ], [ -78.034379487999956, -1.216002527999933 ], [ -78.034517217999962, -1.21589335699997 ], [ -78.035301063999952, -1.21547219699994 ], [ -78.035712775999968, -1.215183257999968 ], [ -78.035856818999946, -1.215046353999981 ], [ -78.036051030999943, -1.214836956999932 ], [ -78.036111639999945, -1.214749759999961 ], [ -78.036203332999946, -1.214617842999928 ], [ -78.035979236999935, -1.214490203999958 ], [ -78.035833329999946, -1.214441072999932 ], [ -78.034858851999957, -1.214340251999943 ], [ -78.034704329999954, -1.214287858999967 ], [ -78.034582525999951, -1.214200446999939 ], [ -78.034382690999962, -1.213884543999939 ], [ -78.034303680999983, -1.213651985999945 ], [ -78.034255148999989, -1.213375821999932 ], [ -78.034247139999934, -1.213062567999941 ], [ -78.034273900999949, -1.212723873999948 ], [ -78.034395126999982, -1.212022167999976 ], [ -78.03456805999997, -1.211402283999973 ], [ -78.034666699999946, -1.211165765999965 ], [ -78.03489566199994, -1.21078085399995 ], [ -78.035712540999953, -1.209609547999946 ], [ -78.035864858999958, -1.209457563999933 ], [ -78.036085846999981, -1.20930547599994 ], [ -78.038125683999965, -1.208312230999979 ], [ -78.039616326999976, -1.207408097999974 ], [ -78.040078005999987, -1.207230340999956 ], [ -78.040842856999973, -1.207105317999947 ], [ -78.041014092999944, -1.207103366999945 ], [ -78.041213407999976, -1.207101097999953 ], [ -78.041769344999977, -1.207094766999944 ], [ -78.042944066999951, -1.207222990999981 ], [ -78.044506123999952, -1.207192171999964 ], [ -78.045040143999984, -1.207275878999951 ], [ -78.045400437999945, -1.207384601999934 ], [ -78.045680710999989, -1.20753091499995 ], [ -78.046436668999945, -1.208167000999936 ], [ -78.046815550999952, -1.208437654999955 ], [ -78.0468206, -1.208439404999979 ], [ -78.047233616999961, -1.208582582999952 ], [ -78.047551797999972, -1.208621690999962 ], [ -78.047703370999955, -1.20857749399994 ], [ -78.047646809999947, -1.208335922999936 ], [ -78.047572518999971, -1.208053040999971 ], [ -78.047440188999985, -1.207566447999966 ], [ -78.047389672999941, -1.207459957999959 ], [ -78.046851025999956, -1.206755192999935 ], [ -78.046751971999981, -1.206625590999977 ], [ -78.046390877999954, -1.206091131999926 ], [ -78.045329268999978, -1.204952273999936 ], [ -78.044794970999988, -1.204293121999967 ], [ -78.044567750999988, -1.203895328999977 ], [ -78.044481528999938, -1.203687970999965 ], [ -78.04437149499995, -1.203252720999956 ], [ -78.044349477999958, -1.203025102999959 ], [ -78.04436345299996, -1.20272175599996 ], [ -78.044477904999951, -1.202129501999934 ], [ -78.044658928999979, -1.201826479999966 ], [ -78.044998876999955, -1.201489749999951 ], [ -78.045296567999969, -1.201298709999946 ], [ -78.045491898999956, -1.201214896999943 ], [ -78.045734705999962, -1.201141702999962 ], [ -78.046583305999945, -1.20102019899997 ], [ -78.046750146999955, -1.200973511999962 ], [ -78.046814882999968, -1.200955397999962 ], [ -78.046944414999984, -1.200874492999958 ], [ -78.046780638999962, -1.200661447999948 ], [ -78.04666412399996, -1.20057548799997 ], [ -78.046493415999976, -1.200497050999957 ], [ -78.04638321799996, -1.200446416999966 ], [ -78.046344622999982, -1.200428681999938 ], [ -78.045967073999975, -1.200338643999942 ], [ -78.045746356999985, -1.20032015399994 ], [ -78.044207175999986, -1.200367182999969 ], [ -78.043997606999937, -1.200333796999928 ], [ -78.043102282999939, -1.199997982999946 ], [ -78.04299446899995, -1.199977192999938 ], [ -78.042864977999955, -1.199969341999974 ], [ -78.042792166999959, -1.199974245999954 ], [ -78.042665099999965, -1.200017566999975 ], [ -78.042398048999985, -1.200183522999964 ], [ -78.041906477999987, -1.200696812999979 ], [ -78.041788192999945, -1.200755774999948 ], [ -78.041670317999944, -1.200766940999927 ], [ -78.041581545999975, -1.20076106099998 ], [ -78.041204019999952, -1.200482097999952 ], [ -78.041185421999955, -1.20049241199996 ], [ -78.040847617999987, -1.200679759999957 ], [ -78.040277087999982, -1.200994825999942 ], [ -78.039344469999946, -1.201282660999937 ], [ -78.039189614999941, -1.201375010999925 ], [ -78.039131769999983, -1.201491501999953 ], [ -78.039153770999974, -1.201650180999934 ], [ -78.039436629999955, -1.202312306999943 ], [ -78.039486434999958, -1.202492881999945 ], [ -78.039477554999962, -1.20265369699996 ], [ -78.03940124899998, -1.202825279999956 ], [ -78.039050624999959, -1.203241413999933 ], [ -78.038814601999945, -1.203436041999964 ], [ -78.038565607999942, -1.203587468999956 ], [ -78.038089748999937, -1.203763313999957 ], [ -78.037877420999962, -1.20379326099993 ], [ -78.03762601699998, -1.203766060999953 ], [ -78.037265452999975, -1.203658601999962 ], [ -78.035094728999979, -1.202754535999929 ], [ -78.034431956999981, -1.202453128999935 ], [ -78.034236125999939, -1.202333923999959 ], [ -78.03410736099994, -1.20220747299993 ], [ -78.034023063999939, -1.202047641999968 ], [ -78.03389531199997, -1.201401482999927 ], [ -78.033878073999972, -1.20131429199995 ], [ -78.033623426999952, -1.201296848999959 ], [ -78.033215547999987, -1.201201535999928 ], [ -78.033093118999943, -1.201107619999959 ], [ -78.032967799999938, -1.20094692999993 ], [ -78.032849126999963, -1.200699691999944 ], [ -78.032749688999957, -1.200346225999965 ], [ -78.03267864299994, -1.19988527299995 ], [ -78.032645281999976, -1.198724789999972 ], [ -78.032633131999944, -1.198562386999924 ], [ -78.032618790999948, -1.198445388999971 ], [ -78.032586376999973, -1.198341981999931 ], [ -78.032560909999972, -1.198260739999967 ], [ -78.032370095999966, -1.198235957999941 ], [ -78.032200484999976, -1.198195296999927 ], [ -78.032101018999981, -1.198033371999941 ], [ -78.031875912999965, -1.197508734999928 ], [ -78.031791786999975, -1.197356313999933 ], [ -78.031651743999987, -1.197197957999947 ], [ -78.031392280999967, -1.196986256999935 ], [ -78.029674851999971, -1.19577550899993 ], [ -78.029255965999937, -1.195398113999943 ], [ -78.029026786999964, -1.195072064999977 ], [ -78.028864233999968, -1.194642274999978 ], [ -78.028652693999959, -1.193521435999969 ], [ -78.028514008999935, -1.19310097999994 ], [ -78.027696308999964, -1.19137242499994 ], [ -78.027408868999942, -1.190629529999967 ], [ -78.027364596999973, -1.190394301999959 ], [ -78.02741948299996, -1.190010149999978 ], [ -78.02743821699994, -1.18987902799995 ], [ -78.027292781999961, -1.189726178999933 ], [ -78.026547233999963, -1.188936711999929 ], [ -78.026420333999965, -1.18874367899997 ], [ -78.026272586999937, -1.188402989999929 ], [ -78.026282246999983, -1.188267475999965 ], [ -78.026371475999952, -1.188095275999956 ], [ -78.02658949299996, -1.18790738499996 ], [ -78.026608195999984, -1.187891266999941 ], [ -78.026718464999988, -1.187796232999972 ], [ -78.026578560999951, -1.187171676999981 ], [ -78.026560706999987, -1.186826430999929 ], [ -78.026592823999977, -1.186085327999933 ], [ -78.02665013099994, -1.185797083999944 ], [ -78.026747230999945, -1.185567701999958 ], [ -78.026896359999967, -1.185371262999979 ], [ -78.027302930999952, -1.185006777999945 ], [ -78.02741518199997, -1.184924642999931 ], [ -78.027443610999967, -1.184903841999926 ], [ -78.027586156999973, -1.184818975999974 ], [ -78.027472924999984, -1.184601020999935 ], [ -78.027177442999971, -1.183991472999935 ], [ -78.026818162999973, -1.183441308999932 ], [ -78.026474550999978, -1.183014219999961 ], [ -78.026288572999988, -1.182832777999977 ], [ -78.025598745999957, -1.182315145999951 ], [ -78.024720624999986, -1.18177147199998 ], [ -78.023922655999968, -1.18123348599994 ], [ -78.023567493999963, -1.180949315999953 ], [ -78.023307280999973, -1.180684946999975 ], [ -78.023128376999978, -1.180435208999938 ], [ -78.023002249999934, -1.180188961999932 ], [ -78.022904761999939, -1.179940395999949 ], [ -78.022801560999937, -1.179540779999968 ], [ -78.022770450999985, -1.179420321999942 ], [ -78.022727755999938, -1.17925499699993 ], [ -78.022741673999974, -1.178997153999944 ], [ -78.023269450999976, -1.178351092999947 ], [ -78.02341955199995, -1.17808228399997 ], [ -78.023448875999975, -1.177989752999963 ], [ -78.023463773999936, -1.177942740999924 ], [ -78.023614274999943, -1.176954661999957 ], [ -78.023919901999989, -1.17603803399993 ], [ -78.023975780999933, -1.175656368999967 ], [ -78.024015187999964, -1.175484745999938 ], [ -78.024053214999981, -1.175432021999939 ], [ -78.024169427999936, -1.175373961999981 ], [ -78.024832671999945, -1.175395089999938 ], [ -78.025176230999989, -1.175363113999936 ], [ -78.025609970999938, -1.175275575999933 ], [ -78.026073553999936, -1.175151209999967 ], [ -78.026800548999972, -1.174898194999969 ], [ -78.026966593999987, -1.174805119999974 ], [ -78.026996978999989, -1.174788087999957 ], [ -78.027089191999949, -1.174678320999931 ], [ -78.027078278999966, -1.174557964999963 ], [ -78.026932658999954, -1.17441053999994 ], [ -78.026612851999971, -1.174218475999965 ], [ -78.02473545099997, -1.173360678999927 ], [ -78.024579351999989, -1.173274136999964 ], [ -78.024458041999935, -1.173140832999934 ], [ -78.024388038999973, -1.172874318999959 ], [ -78.024390061999952, -1.172658114999933 ], [ -78.024487024999985, -1.172128770999961 ], [ -78.024651129999938, -1.171686774999955 ], [ -78.024959993999971, -1.171254244999943 ], [ -78.024974306999979, -1.171234198999969 ], [ -78.025025007999943, -1.171078850999947 ], [ -78.025022704999969, -1.17087791199998 ], [ -78.024875392999945, -1.170060268999976 ], [ -78.024824617999968, -1.169894577999969 ], [ -78.024693382999942, -1.169839896999974 ], [ -78.025095771999986, -1.16948833999993 ], [ -78.025106220999987, -1.169479209999963 ], [ -78.025168533999988, -1.169376549999924 ], [ -78.025159718999987, -1.169308235999949 ], [ -78.025138507999941, -1.169248762999928 ], [ -78.025107970999954, -1.169178981999949 ], [ -78.025069547999976, -1.169098348999967 ], [ -78.025041562999945, -1.16899955599996 ], [ -78.025022774999968, -1.168933230999926 ], [ -78.024991861999979, -1.168795505999981 ], [ -78.024884662999966, -1.168837077999967 ], [ -78.024731503999988, -1.168887468999969 ], [ -78.024566449999952, -1.168902116999959 ], [ -78.024347502999944, -1.168915796999954 ], [ -78.023892795999984, -1.168881703999944 ], [ -78.023307244999955, -1.168820093999955 ], [ -78.022990648999951, -1.168819034999956 ], [ -78.022417942999937, -1.168834778999951 ], [ -78.021957398999973, -1.168804924999961 ], [ -78.021770916999969, -1.168761717999928 ], [ -78.021612911999966, -1.168696138999962 ], [ -78.021467678999954, -1.168607349999945 ], [ -78.021325609999963, -1.168495437999979 ], [ -78.021199990999946, -1.168363936999924 ], [ -78.021110292999936, -1.168217744999936 ], [ -78.021060696999939, -1.167968361999954 ], [ -78.021059395999941, -1.167961821999938 ], [ -78.021043510999959, -1.167788425999959 ], [ -78.020703019999985, -1.167807669999945 ], [ -78.020225540999945, -1.167834806999963 ], [ -78.019986785999947, -1.167820097999936 ], [ -78.019917810999971, -1.16776987999998 ], [ -78.019906084999946, -1.167737883999962 ], [ -78.019902956999942, -1.167640304999964 ], [ -78.019916753999951, -1.167493500999967 ], [ -78.019966858999965, -1.167307887999925 ], [ -78.020031152999934, -1.167198270999961 ], [ -78.020136127999933, -1.167074696999975 ], [ -78.020666806999941, -1.166561084999955 ], [ -78.020921978999979, -1.166413815999931 ], [ -78.021278319999965, -1.166089841999963 ], [ -78.021380779999959, -1.166051461999928 ], [ -78.021499052999957, -1.165997739999966 ], [ -78.021917880999979, -1.166091063999943 ], [ -78.021743507999986, -1.165713578999942 ], [ -78.021715197999981, -1.165232347999961 ], [ -78.021326406999947, -1.165344060999928 ], [ -78.021090019999974, -1.165382207999926 ], [ -78.02094821999998, -1.165359017999947 ], [ -78.020743453999955, -1.165201592999949 ], [ -78.020554607999941, -1.164932240999974 ], [ -78.02048403799995, -1.164774145999957 ], [ -78.020437283999968, -1.16459023699997 ], [ -78.020405426999957, -1.16441131199997 ], [ -78.020389455999975, -1.164234662999945 ], [ -78.020390332999966, -1.163997495999979 ], [ -78.020416172999944, -1.163836792999973 ], [ -78.020482346999984, -1.163647220999962 ], [ -78.020774614999937, -1.163132720999954 ], [ -78.020877498999937, -1.162885844999948 ], [ -78.02090280799996, -1.162788593999949 ], [ -78.020756152999979, -1.162855997999941 ], [ -78.020139569999969, -1.163271682999948 ], [ -78.01988782899997, -1.163310176999971 ], [ -78.019787212999972, -1.163299408999933 ], [ -78.019562583999971, -1.163166720999925 ], [ -78.019496828999934, -1.163126896999927 ], [ -78.019416921999948, -1.163143618999925 ], [ -78.019073032999984, -1.163397680999935 ], [ -78.01887155299994, -1.163443727999947 ], [ -78.018418971999949, -1.16334838299997 ], [ -78.018192382999985, -1.163369557999943 ], [ -78.018113275999951, -1.163477623999938 ], [ -78.018049734999977, -1.163720595999962 ], [ -78.018029582999986, -1.164102029999924 ], [ -78.017981979999945, -1.164298672999962 ], [ -78.017855764999979, -1.164474991999953 ], [ -78.017697214999941, -1.164668443999972 ], [ -78.017495635999978, -1.164807007999968 ], [ -78.017234861999952, -1.164899251999941 ], [ -78.016938554999967, -1.164979889999927 ], [ -78.016760820999934, -1.164979703999961 ], [ -78.016547639999942, -1.164886960999979 ], [ -78.016431824999984, -1.164835432999951 ], [ -78.016283011999974, -1.164767906999941 ], [ -78.01595558799994, -1.164516263999928 ], [ -78.015564647999952, -1.164446462999933 ], [ -78.015315783999938, -1.16448089499994 ], [ -78.015007566999941, -1.164619345999938 ], [ -78.014782292999939, -1.164757883999926 ], [ -78.014082619999954, -1.165312251999978 ], [ -78.013964084999941, -1.165356397999972 ], [ -78.013678990999949, -1.165442470999949 ], [ -78.013395430999935, -1.165523213999961 ], [ -78.013229243999945, -1.165554207999946 ], [ -78.013114091999967, -1.165540623999959 ], [ -78.012776509999981, -1.165436185999965 ], [ -78.012425748999988, -1.165317095999967 ], [ -78.012013509999974, -1.165188455999953 ], [ -78.011573115999965, -1.165028792999976 ], [ -78.011208936999935, -1.164782568999954 ], [ -78.010821949999979, -1.164543366999965 ], [ -78.010221050999974, -1.164137968999967 ], [ -78.010050641999953, -1.163977354999929 ], [ -78.009894174999943, -1.163808935999953 ], [ -78.009760202999985, -1.163632612999947 ], [ -78.009742660999962, -1.16349779199993 ], [ -78.009742765999988, -1.163398318999953 ], [ -78.009793922999961, -1.163239177999969 ], [ -78.009885975999964, -1.162940853999942 ], [ -78.009988195999938, -1.162622571999975 ], [ -78.009978474999969, -1.16222466499994 ], [ -78.00993811099994, -1.161856539999974 ], [ -78.009769802999983, -1.161432806999926 ], [ -78.00956638599996, -1.161108236999951 ], [ -78.009317372999988, -1.160861143999966 ], [ -78.008960914999989, -1.160612127999968 ], [ -78.008286332999944, -1.160111877999952 ], [ -78.00805685399996, -1.159982345999936 ], [ -78.008056887999942, -1.159951988999978 ], [ -78.007807770999989, -1.159718444999953 ], [ -78.007672926999987, -1.15956624699993 ], [ -78.007538262999958, -1.159160439999937 ], [ -78.007507265999948, -1.159018468999932 ], [ -78.007468721999942, -1.158600140999965 ], [ -78.007453040999962, -1.158429969999929 ], [ -78.007185670999945, -1.158312326999976 ], [ -78.006884791999937, -1.158135557999969 ], [ -78.006635750999976, -1.15783109299997 ], [ -78.006459614999983, -1.157425239999952 ], [ -78.006250526999963, -1.15685835499994 ], [ -78.006107527999973, -1.156268859999955 ], [ -78.006035129999987, -1.155974697999966 ], [ -78.005838116999939, -1.15561960399998 ], [ -78.005831095999952, -1.155611066999938 ], [ -78.005741508999961, -1.15550213399996 ], [ -78.00545415299996, -1.155152729999941 ], [ -78.005277909999961, -1.15484824899994 ], [ -78.00526770099998, -1.154655615999957 ], [ -78.005259545999934, -1.154556313999933 ], [ -78.005312122999953, -1.154372305999971 ], [ -78.005323455999985, -1.15433263999995 ] ] ], [ [ [ -77.87321830999997, -1.260300368999935 ], [ -77.873565208999935, -1.26471805999995 ], [ -77.873907800999973, -1.265214950999962 ], [ -77.874062330999948, -1.267490755999972 ], [ -77.878546767999978, -1.267351858999973 ], [ -77.880140879999942, -1.265456622999977 ], [ -77.880596662999949, -1.265207478999969 ], [ -77.880938283999967, -1.26482458199996 ], [ -77.881356250999943, -1.264747611999951 ], [ -77.881622157999971, -1.264632559999939 ], [ -77.882191764999959, -1.264211156999977 ], [ -77.882191447999958, -1.26392427199994 ], [ -77.882400346999987, -1.263809283999933 ], [ -77.882704405999959, -1.263828068999942 ], [ -77.883616665999966, -1.26396092899995 ], [ -77.883996564999961, -1.263826624999979 ], [ -77.884452155999952, -1.263405349999971 ], [ -77.884927044999984, -1.263251813999943 ], [ -77.884488619999956, -1.262009133999925 ], [ -77.884013014999937, -1.261512396999933 ], [ -77.883898536999936, -1.261091758999953 ], [ -77.884238914999969, -1.259580448999941 ], [ -77.87321830999997, -1.260300368999935 ] ] ], [ [ [ -77.787617265999984, -1.240912144999925 ], [ -77.784617108999953, -1.250760268999954 ], [ -77.784978710999951, -1.251267334999966 ], [ -77.785137734999978, -1.25137108499996 ], [ -77.785293560999946, -1.251421793999953 ], [ -77.785528630999977, -1.251442235999946 ], [ -77.786357032999945, -1.251426709999976 ], [ -77.786914605999982, -1.251453223999931 ], [ -77.787212219999958, -1.251517195999952 ], [ -77.787245077999955, -1.25152425899995 ], [ -77.787619628999948, -1.251676574999976 ], [ -77.787857722999945, -1.251838975999931 ], [ -77.78808338999994, -1.252137842999957 ], [ -77.788279759999966, -1.252493218999973 ], [ -77.788554869999984, -1.253104242999939 ], [ -77.788860909999983, -1.253928404999954 ], [ -77.789101332999962, -1.254340842999966 ], [ -77.78929149399994, -1.254511699999966 ], [ -77.789759530999959, -1.254686414999981 ], [ -77.791191892999962, -1.254841838999937 ], [ -77.791432746999988, -1.254897967999966 ], [ -77.791621963999944, -1.254942043999961 ], [ -77.792532297999969, -1.255232942999953 ], [ -77.793111474999989, -1.25548317199997 ], [ -77.793252676999941, -1.255544196999949 ], [ -77.793341090999945, -1.255609615999958 ], [ -77.793442803999937, -1.255684870999971 ], [ -77.793558625999935, -1.255857703999936 ], [ -77.793569569999988, -1.256017636999957 ], [ -77.793493464999983, -1.256298752999953 ], [ -77.793353868999986, -1.256651234999936 ], [ -77.793314233999979, -1.257033700999955 ], [ -77.79333341499995, -1.257352040999933 ], [ -77.793216568999981, -1.258430890999932 ], [ -77.803350209999962, -1.269492704999948 ], [ -77.803354371999944, -1.269497247999936 ], [ -77.803369747999966, -1.269490566999934 ], [ -77.812679701999969, -1.265445780999926 ], [ -77.805748596999933, -1.253427336999948 ], [ -77.827893505999953, -1.252139912999951 ], [ -77.830804602999933, -1.250350899999944 ], [ -77.832883138999989, -1.249755905999962 ], [ -77.818948747999968, -1.235876639999958 ], [ -77.814790409999944, -1.238201910999976 ], [ -77.809510412999941, -1.243216967999956 ], [ -77.800788897999951, -1.229057478999948 ], [ -77.795286079999983, -1.22388843899995 ], [ -77.788047780999989, -1.24032277799995 ], [ -77.787781798999958, -1.240686903999972 ], [ -77.787617265999984, -1.240912144999925 ] ] ] ] } }
]
}
